source_year,Collision Id,Report Number,Report Version,Is Preliminary,NCIC Code,Crash Date Time,Crash Time Description,Beat,City Id,City Code,City Name,County Code,City Is Active,City Is Incorporated,Collision Type Code,Collision Type Description,Collision Type Other Desc,Day Of Week,DispatchNotified,HasPhotographs,HitRun,IsAttachmentsMailed,IsDeleted,IsHighwayRelated,IsTowAway,JudicialDistrict,MotorVehicleInvolvedWithCode,MotorVehicleInvolvedWithDesc,MotorVehicleInvolvedWithOtherDesc,NumberInjured,NumberKilled,Weather 1,Weather 2,Road Condition 1,Road Condition 2,Special Condition,LightingCode,LightingDescription,Latitude,Longitude,MilepostDirection,MilepostDistance,MilepostMarker,MilepostUnitOfMeasure,PedestrianActionCode,PedestrianActionDesc,PreparedDate,Primary Collision Factor Code,Primary Collision Factor Violation,PrimaryCollisionFactorIsCited,PrimaryCollisionPartyNumber,PrimaryRoad,ReportingDistrict,ReportingDistrictCode,ReviewedDate,RoadwaySurfaceCode,SecondaryDirection,SecondaryDistance,SecondaryRoad,SecondaryUnitOfMeasure,SketchDesc,TrafficControlDeviceCode,CreatedDate,ModifiedDate,IsCountyRoad,IsFreeway,CHP555Version,IsAdditonalObjectStruck,NotificationDate,NotificationTimeDescription,HasDigitalMediaFiles,EvidenceNumber,IsLocationReferToNarrative,IsAOIOneSameAsLocation,_id
2022,2629087,220192063,2,False,3801,3/23/2022 8:27:00 PM,2027,,1227,3801,San Francisco,38,True,True,D,BROADSIDE,,Wednesday,,,,,False,False,False,,B,PEDESTRIAN,,1,0,CLEAR,,NO UNUSUAL CONDITIONS - NO UNUSUAL CONDITIONS,,,C,DARK-STREET LIGHTS,,,,,,,B,CROSSING IN CROSS WALK AT INTERSECTION,,A,21453D,,1,19TH AV,TARAV,,,A,,,JUDAH ST,,,A,7/25/2024 7:39:32 PM,1/28/2025 4:07:54 PM,,,2,,,,,,,,
2022,2629085,220187337,2,False,3801,3/22/2022 8:13:00 AM,0813,G4,1227,3801,San Francisco,38,True,True,B,SIDE SWIPE,,Tuesday,,,,,False,False,False,,B,PEDESTRIAN,,1,0,CLEAR,,NO UNUSUAL CONDITIONS - NO UNUSUAL CONDITIONS,,,A,DAYLIGHT,,,,,,,B,CROSSING IN CROSS WALK AT INTERSECTION,,A,21950A,,1,CALIFORNIA ST,RICHM,,,A,E,5,22ND AV,F,,A,7/25/2024 7:39:31 PM,1/28/2025 4:07:54 PM,,,2,,,,,,,,
2022,2629081,220173201,2,False,3801,3/16/2022 7:05:00 AM,0705,3B14A,1227,3801,San Francisco,38,True,True,H,OTHER,,Wednesday,,,,,False,False,False,,H,ANIMAL,,1,0,CLEAR,,NO UNUSUAL CONDITIONS - NO UNUSUAL CONDITIONS,,,A,DAYLIGHT,,,,,,,C,CROSSING IN CROSS WALK - NOT AT INTERSECTION,,A,21453D,,1,MISSION ST,SOUTH,,,A,W,59,LAFAYETTE ST,F,,A,7/25/2024 7:39:31 PM,1/28/2025 4:07:53 PM,,,2,,,,,,,,
2022,2629079,220175724,2,False,3801,3/17/2022 8:28:00 AM,0828,4,1227,3801,San Francisco,38,True,True,,,,Thursday,,,,,False,False,False,,B,PEDESTRIAN,,1,0,CLOUDY,,NO UNUSUAL CONDITIONS - NO UNUSUAL CONDITIONS,,,A,DAYLIGHT,,,,,,,B,CROSSING IN CROSS WALK AT INTERSECTION,,A,21950A,,1,TAYLOR ST,CENTR,,,A,,,BEACH ST,,,A,7/25/2024 7:39:31 PM,1/28/2025 4:07:53 PM,,,2,,,,,,,,
2022,2629077,220173875,2,False,3801,3/16/2022 12:34:00 PM,1234,,1227,3801,San Francisco,38,True,True,A,HEAD-ON,,Wednesday,,,F,,False,False,False,,B,PEDESTRIAN,,1,0,CLEAR,,NO UNUSUAL CONDITIONS - NO UNUSUAL CONDITIONS,,,A,DAYLIGHT,,,,,,,F,NOT IN ROAD,,A,,,1,POWELL ST,CENTR,,,A,N,52,PACIFIC AV,F,,A,7/25/2024 7:39:31 PM,1/28/2025 4:07:53 PM,,,2,,,,,,,,
2022,2629075,220170843,2,False,3801,3/15/2022 8:05:00 AM,0805,3801,1227,3801,San Francisco,38,True,True,G,VEHICLE/PEDESTRAIN,,Tuesday,,,F,,False,False,False,,B,PEDESTRIAN,,1,0,CLOUDY,RAINING,NO UNUSUAL CONDITIONS - NO UNUSUAL CONDITIONS,,,A,DAYLIGHT,,,,,,,B,CROSSING IN CROSS WALK AT INTERSECTION,,A,21950A,,1,NAPOLEON ST,BAYVI,,,B,,,EVANS AV,,,A,7/25/2024 7:39:31 PM,1/28/2025 4:07:53 PM,,,2,,,,,,,,
2022,2629067,220189151,2,False,3801,3/22/2022 7:03:00 PM,1903,15,1227,3801,San Francisco,38,True,True,G,VEHICLE/PEDESTRAIN,,Tuesday,,,,,False,False,False,,B,PEDESTRIAN,,1,0,CLEAR,,NO UNUSUAL CONDITIONS - NO UNUSUAL CONDITIONS,,,B,DUSK-DAWN,,,,,,,B,CROSSING IN CROSS WALK AT INTERSECTION,,A,21950A,,1,JUNIPERO SERRA BL,TARAV,,,A,,,WINSTON DR,,,A,7/25/2024 7:39:30 PM,1/28/2025 4:07:52 PM,,,2,,,,,,,,
2022,2626996,220141286,2,False,3801,3/2/2022 8:34:00 PM,2034,3D14D,1227,3801,San Francisco,38,True,True,D,BROADSIDE,,Wednesday,,,F,,False,False,False,,B,PEDESTRIAN,,1,0,CLEAR,,NO UNUSUAL CONDITIONS - NO UNUSUAL CONDITIONS,,,C,DARK-STREET LIGHTS,,,,,,,B,CROSSING IN CROSS WALK AT INTERSECTION,,A,21950A,,1,POTRERO AV,MISSI,,,A,,,24TH ST,,,A,7/25/2024 7:36:22 PM,1/28/2025 4:05:41 PM,,,2,,,,,,,,
2022,2626990,220141082,2,False,3801,3/2/2022 6:30:00 PM,1830,,1227,3801,San Francisco,38,True,True,G,VEHICLE/PEDESTRAIN,,Wednesday,,,,,False,False,False,,B,PEDESTRIAN,,1,0,CLEAR,,NO UNUSUAL CONDITIONS - NO UNUSUAL CONDITIONS,,,D,DARK-NO STREET LIGHTS,,,,,,,B,CROSSING IN CROSS WALK AT INTERSECTION,,A,21950A,,1,DIAMOND ST,MISSI,,,A,,,MARKET ST,,,A,7/25/2024 7:36:22 PM,1/28/2025 4:05:40 PM,,,2,,,,,,,,
2022,2626989,220150550,2,False,3801,3/6/2022 6:05:00 PM,1805,3D15D,1227,3801,San Francisco,38,True,True,G,VEHICLE/PEDESTRAIN,,Sunday,,,F,,False,False,False,,B,PEDESTRIAN,,1,0,CLEAR,,NO UNUSUAL CONDITIONS - NO UNUSUAL CONDITIONS,,,A,DAYLIGHT,,,,,,,D,CROSSING - NOT IN CROSSWALK,,A,21955,,1,16TH ST,MISSI,,,A,E,28,WIESE ST,F,,D,7/25/2024 7:36:22 PM,1/28/2025 4:05:40 PM,,,2,,,,,,,,
2022,2626976,220206799,2,False,3801,3/29/2022 11:30:00 PM,2330,3C15E,1227,3801,San Francisco,38,True,True,G,VEHICLE/PEDESTRAIN,,Tuesday,,,,,False,False,False,,B,PEDESTRIAN,,1,0,CLEAR,,NO UNUSUAL CONDITIONS - NO UNUSUAL CONDITIONS,,,C,DARK-STREET LIGHTS,,,,,,,B,CROSSING IN CROSS WALK AT INTERSECTION,,A,21950A,,1,SILLIMAN ST,BAYVI,,,A,,,SOMERSET ST,,,A,7/25/2024 7:36:21 PM,1/28/2025 4:05:39 PM,,,2,,,,,,,,
2022,2626973,220206749,2,False,3801,3/29/2022 10:28:00 PM,2228,3H11E,1227,3801,San Francisco,38,True,True,G,VEHICLE/PEDESTRAIN,,Tuesday,,,,,False,False,False,,B,PEDESTRIAN,,1,0,CLEAR,,NO UNUSUAL CONDITIONS - NO UNUSUAL CONDITIONS,,,C,DARK-STREET LIGHTS,,,,,,,D,CROSSING - NOT IN CROSSWALK,,A,21955,,1,FOLSOM ST,INGLE,,,A,S,83,CESAR CHAVEZ,F,,D,7/25/2024 7:36:20 PM,1/28/2025 4:05:39 PM,,,2,,,,,,,,
2022,2626971,220203905,2,False,3801,3/28/2022 8:23:00 PM,2023,B4,1227,3801,San Francisco,38,True,True,G,VEHICLE/PEDESTRAIN,,Monday,,,,,False,False,False,,B,PEDESTRIAN,,1,0,CLEAR,,NO UNUSUAL CONDITIONS - NO UNUSUAL CONDITIONS,,,C,DARK-STREET LIGHTS,,,,,,,B,CROSSING IN CROSS WALK AT INTERSECTION,,A,21453D,,1,MISSION ST,SOUTH,,,A,,,9TH ST,,,A,7/25/2024 7:36:20 PM,1/28/2025 4:05:39 PM,,,2,,,,,,,,
2022,2626970,220199257,2,False,3801,3/26/2022 6:42:00 PM,1842,3A15E,1227,3801,San Francisco,38,True,True,G,VEHICLE/PEDESTRAIN,,Saturday,,,,,False,False,False,,B,PEDESTRIAN,,1,0,CLEAR,,NO UNUSUAL CONDITIONS - NO UNUSUAL CONDITIONS,,,A,DAYLIGHT,,,,,,,D,CROSSING - NOT IN CROSSWALK,,A,22106,,1,CALIFORNIA ST,CENTR,,,A,,,BATTERY ST,,,D,7/25/2024 7:36:20 PM,1/28/2025 4:05:39 PM,,,2,,,,,,,,
2022,2626963,220145799,2,False,3801,3/4/2022 4:01:00 PM,1601,3G2,1227,3801,San Francisco,38,True,True,G,VEHICLE/PEDESTRAIN,,Friday,,,,,False,False,False,,B,PEDESTRIAN,,1,0,CLEAR,,NO UNUSUAL CONDITIONS - NO UNUSUAL CONDITIONS,,,A,DAYLIGHT,,,,,,,B,CROSSING IN CROSS WALK AT INTERSECTION,,A,21950A,,1,SPRUCE ST,RICHM,,,A,,,SACRAMENTO ST,,,A,7/25/2024 7:36:20 PM,1/28/2025 4:05:39 PM,,,2,,,,,,,,
2022,2626961,220143470,2,False,3801,3/3/2022 5:24:00 PM,1724,3I16D,1227,3801,San Francisco,38,True,True,G,VEHICLE/PEDESTRAIN,,Thursday,,,,,False,False,False,,B,PEDESTRIAN,,1,0,CLEAR,,NO UNUSUAL CONDITIONS - NO UNUSUAL CONDITIONS,,,A,DAYLIGHT,,,,,,,B,CROSSING IN CROSS WALK AT INTERSECTION,,A,21950A,,1,36TH AV,TARAV,,,A,,,SLOAT BL,,,A,7/25/2024 7:36:20 PM,1/28/2025 4:05:39 PM,,,2,,,,,,,,
2022,2626947,220135518,2,False,3801,2/28/2022 4:29:00 PM,1629,B3,1227,3801,San Francisco,38,True,True,G,VEHICLE/PEDESTRAIN,,Monday,,,M,,False,False,False,,B,PEDESTRIAN,,0,0,CLEAR,,NO UNUSUAL CONDITIONS - NO UNUSUAL CONDITIONS,,,A,DAYLIGHT,,,,,,,B,CROSSING IN CROSS WALK AT INTERSECTION,,A,21950A,,1,6TH ST,SOUTH,,,A,,,NATOMA ST,,,A,7/25/2024 7:36:19 PM,1/28/2025 4:05:38 PM,,,2,,,,,,,,
2022,2626924,220103872,2,False,3801,2/15/2022 8:41:00 AM,0841,2CAR,1227,3801,San Francisco,38,True,True,B,SIDE SWIPE,,Tuesday,,,,,False,False,False,,B,PEDESTRIAN,,1,0,CLEAR,,NO UNUSUAL CONDITIONS - NO UNUSUAL CONDITIONS,,,A,DAYLIGHT,,,,,,,B,CROSSING IN CROSS WALK AT INTERSECTION,,A,21950A,,1,BRYANT ST,SOUTH,,,A,,,4TH ST,,,A,7/25/2024 7:36:17 PM,1/28/2025 4:05:36 PM,,,2,,,,,,,,
2022,2626920,220134695,2,False,3801,2/28/2022 12:04:00 PM,1204,3A44C,1227,3801,San Francisco,38,True,True,G,VEHICLE/PEDESTRAIN,,Monday,,,,,False,False,False,,B,PEDESTRIAN,,1,0,CLEAR,,NO UNUSUAL CONDITIONS - NO UNUSUAL CONDITIONS,,,A,DAYLIGHT,,,,,,,B,CROSSING IN CROSS WALK AT INTERSECTION,,A,21950A,,1,PACIFIC AV,CENTR,,,A,,,GRANT AV,,,A,7/25/2024 7:36:17 PM,1/28/2025 4:05:36 PM,,,2,,,,,,,,
2022,2626919,220124975,2,False,3801,2/24/2022 7:25:00 AM,0725,3E14A,1227,3801,San Francisco,38,True,True,G,VEHICLE/PEDESTRAIN,,Thursday,,,,,False,False,False,,B,PEDESTRIAN,,2,0,CLEAR,,NO UNUSUAL CONDITIONS - NO UNUSUAL CONDITIONS,,,A,DAYLIGHT,,,,,,,B,CROSSING IN CROSS WALK AT INTERSECTION,,A,21950A,,1,BROADWAY,NORTH,,,A,,,DIVISADERO ST,,,D,7/25/2024 7:36:16 PM,1/28/2025 4:05:36 PM,,,2,,,,,,,,
2022,2626801,220146139,2,False,3801,3/4/2022 6:20:00 PM,1820,,1227,3801,San Francisco,38,True,True,B,SIDE SWIPE,,Friday,,,,,False,False,False,,B,PEDESTRIAN,,1,0,CLOUDY,WIND,NO UNUSUAL CONDITIONS - NO UNUSUAL CONDITIONS,,,C,DARK-STREET LIGHTS,,,,,,,E,IN ROAD - INCLUDES SHOULDER,,A,21950B,,1,GUERRERO ST,MISSI,,,A,N,213,20TH ST,F,,D,7/25/2024 7:36:08 PM,1/28/2025 4:05:28 PM,,,2,,,,,,,,
2022,2626357,220194661,2,False,3801,3/24/2022 7:30:00 PM,1930,3H13D,1227,3801,San Francisco,38,True,True,G,VEHICLE/PEDESTRAIN,,Thursday,,,,,False,False,False,,B,PEDESTRIAN,,1,0,CLEAR,,NO UNUSUAL CONDITIONS - NO UNUSUAL CONDITIONS,,,B,DUSK-DAWN,,,,,,,B,CROSSING IN CROSS WALK AT INTERSECTION,,A,21950A,,1,MONTEREY BL,INGLE,,,A,,,GENNESSEE ST,,,A,7/25/2024 7:35:34 PM,1/28/2025 4:04:57 PM,,,2,,,,,,,,
2022,2625455,220152976,2,False,3801,3/7/2022 5:49:00 PM,1749,3D15D,1227,3801,San Francisco,38,True,True,G,VEHICLE/PEDESTRAIN,,Monday,,,F,,False,False,True,,E,PARKED MOTOR VEHICLE,,2,0,,,NO UNUSUAL CONDITIONS - NO UNUSUAL CONDITIONS,,,A,DAYLIGHT,,,,,,,,,,A,22107,,1,20TH ST,MISSI,,,A,E,48,CHURCH ST,F,,D,7/25/2024 7:34:27 PM,1/28/2025 4:03:57 PM,,,3,,,,,,,,
2022,2625453,220171233,2,False,3801,3/15/2022 11:05:00 AM,1105,3D11A,1227,3801,San Francisco,38,True,True,G,VEHICLE/PEDESTRAIN,,Tuesday,,,,,False,False,False,,B,PEDESTRIAN,,1,0,CLEAR,,NO UNUSUAL CONDITIONS - NO UNUSUAL CONDITIONS,,,A,DAYLIGHT,,,,,,,B,CROSSING IN CROSS WALK AT INTERSECTION,,A,21950A,,1,CASTRO ST,MISSI,,,A,,,JERSEY ST,,,D,7/25/2024 7:34:27 PM,1/28/2025 4:03:57 PM,,,3,,,,,,,,
2022,2624566,220139623,2,False,3801,3/2/2022 11:09:00 AM,1109,5,1227,3801,San Francisco,38,True,True,G,VEHICLE/PEDESTRAIN,,Wednesday,,,,,False,False,False,,B,PEDESTRIAN,,1,0,CLEAR,,NO UNUSUAL CONDITIONS - NO UNUSUAL CONDITIONS,,,A,DAYLIGHT,,,,,,,D,CROSSING - NOT IN CROSSWALK,,A,22106,,1,LARKIN ST,TENDE,,,A,N,112,OFARRELL ST,F,,D,7/25/2024 7:33:18 PM,1/28/2025 4:03:00 PM,,,2,,,,,,,,
2022,2624564,220153736,2,False,3801,3/8/2022 7:23:00 AM,0723,3H11A,1227,3801,San Francisco,38,True,True,G,VEHICLE/PEDESTRAIN,,Tuesday,,,,,False,False,False,,B,PEDESTRIAN,,1,0,CLEAR,,NO UNUSUAL CONDITIONS - NO UNUSUAL CONDITIONS,,,A,DAYLIGHT,,,,,,,B,CROSSING IN CROSS WALK AT INTERSECTION,,A,21456C,,1,OCEAN AV,INGLE,,,A,,,GENEVA AV,,,A,7/25/2024 7:33:18 PM,1/28/2025 4:03:00 PM,,,2,,,,,,,,
2022,2624401,220210916,2,False,3801,3/31/2022 4:00:00 PM,1600,3H11D,1227,3801,San Francisco,38,True,True,B,SIDE SWIPE,,Thursday,,,,,False,False,False,,B,PEDESTRIAN,,1,0,CLEAR,,NO UNUSUAL CONDITIONS - NO UNUSUAL CONDITIONS,,,A,DAYLIGHT,,,,,,,E,IN ROAD - INCLUDES SHOULDER,,A,21950,,1,41 LEESE ST,INGLE,,,A,,,PARK ST,,,D,7/25/2024 7:33:07 PM,1/28/2025 4:02:50 PM,,,2,,,,,,,,
2022,2623941,220129232,2,False,3801,2/25/2022 5:28:00 PM,1728,3H11D,1227,3801,San Francisco,38,True,True,G,VEHICLE/PEDESTRAIN,,Friday,,,,,False,False,False,,B,PEDESTRIAN,,1,0,CLEAR,,NO UNUSUAL CONDITIONS - NO UNUSUAL CONDITIONS,,,B,DUSK-DAWN,,,,,,,B,CROSSING IN CROSS WALK AT INTERSECTION,,A,21950A,,1,OCEAN AV,INGLE,,,A,,,MISSION ST,,,A,7/25/2024 7:32:29 PM,1/28/2025 4:02:22 PM,,,2,,,,,,,,
2022,2623873,220128886,2,False,3801,2/25/2022 4:00:00 PM,1600,3C13D,1227,3801,San Francisco,38,True,True,G,VEHICLE/PEDESTRAIN,,Friday,,,F,,False,False,False,,B,PEDESTRIAN,,1,0,CLEAR,,NO UNUSUAL CONDITIONS - NO UNUSUAL CONDITIONS,,,A,DAYLIGHT,,,,,,,B,CROSSING IN CROSS WALK AT INTERSECTION,,A,21950A,,1,EVANS AV,BAYVI,,,A,,,NEWHALL ST,,,D,7/25/2024 7:32:23 PM,1/28/2025 4:02:17 PM,,,2,,,,,,,,
2022,2623871,220128648,2,False,3801,2/25/2022 2:25:00 PM,1425,3B5C,1227,3801,San Francisco,38,True,True,G,VEHICLE/PEDESTRAIN,,Friday,,,,,False,False,False,,B,PEDESTRIAN,,1,0,CLEAR,,NO UNUSUAL CONDITIONS - NO UNUSUAL CONDITIONS,,,A,DAYLIGHT,,,,,,,D,CROSSING - NOT IN CROSSWALK,,A,21955,,1,HOWARD ST,SOUTH,,,A,E,143,8TH ST,F,,D,7/25/2024 7:32:23 PM,1/28/2025 4:02:17 PM,,,2,,,,,,,,
2022,2623870,220135803,2,False,3801,2/28/2022 6:16:00 PM,1816,15,1227,3801,San Francisco,38,True,True,B,SIDE SWIPE,,Monday,,,,,False,False,False,,B,PEDESTRIAN,,1,0,,,NO UNUSUAL CONDITIONS - NO UNUSUAL CONDITIONS,,,C,DARK-STREET LIGHTS,,,,,,,D,CROSSING - NOT IN CROSSWALK,,A,21954A,,1,OCEAN AV,TARAV,,,A,,,SYLVAN DR,,,D,7/25/2024 7:32:23 PM,1/28/2025 4:02:17 PM,,,2,,,,,,,,
2022,2623867,220133186,2,False,3801,2/27/2022 4:47:00 PM,1647,3H13D,1227,3801,San Francisco,38,True,True,,,,Sunday,,,,,False,False,False,,B,PEDESTRIAN,,1,0,CLEAR,,NO UNUSUAL CONDITIONS - NO UNUSUAL CONDITIONS,,,A,DAYLIGHT,,,,,,,B,CROSSING IN CROSS WALK AT INTERSECTION,,A,21950A,,1,MISSION ST,INGLE,,,A,,,PRECITA AV,,,A,7/25/2024 7:32:23 PM,1/28/2025 4:02:17 PM,,,2,,,,,,,,
2022,2623441,220206498,2,False,3801,3/29/2022 8:20:00 PM,2020,3E15D,1227,3801,San Francisco,38,True,True,G,VEHICLE/PEDESTRAIN,,Tuesday,,,,,False,False,False,,B,PEDESTRIAN,,1,0,OTHER,,NO UNUSUAL CONDITIONS - NO UNUSUAL CONDITIONS,,,C,DARK-STREET LIGHTS,,,,,,,B,CROSSING IN CROSS WALK AT INTERSECTION,,A,21950A,,1,EDDY ST,NORTH,,,A,E,15,FILLMORE ST,F,,A,7/25/2024 7:31:25 PM,1/28/2025 4:01:51 PM,,,2,,,,,,,,
2022,2623436,220138528,2,False,3801,3/1/2022 8:03:00 PM,2003,B2,1227,3801,San Francisco,38,True,True,G,VEHICLE/PEDESTRAIN,,Tuesday,,,,,False,False,False,,B,PEDESTRIAN,,1,0,CLEAR,,NO UNUSUAL CONDITIONS - NO UNUSUAL CONDITIONS,,,C,DARK-STREET LIGHTS,,,,,,,B,CROSSING IN CROSS WALK AT INTERSECTION,,A,21456A,,2,HARRISON ST,SOUTH,,,A,,,3RD AV,,,A,7/25/2024 7:31:25 PM,1/28/2025 4:01:50 PM,,,2,,,,,,,,
2022,2623434,220141004,2,False,3801,3/2/2022 6:27:00 PM,1827,3E14D,1227,3801,San Francisco,38,True,True,G,VEHICLE/PEDESTRAIN,,Wednesday,,,,,False,False,False,,B,PEDESTRIAN,,1,0,CLEAR,,NO UNUSUAL CONDITIONS - NO UNUSUAL CONDITIONS,,,C,DARK-STREET LIGHTS,,,,,,,,,,A,21954A,,1,EDDY ST,NORTH,,,A,W,315,GOUGH ST,F,,D,7/25/2024 7:31:25 PM,1/28/2025 4:01:50 PM,,,2,,,,,,,,
2022,2623427,220153407,2,False,3801,3/7/2022 9:54:00 PM,2154,3I16E,1227,3801,San Francisco,38,True,True,G,VEHICLE/PEDESTRAIN,,Monday,,,,,False,False,False,,B,PEDESTRIAN,,1,0,CLEAR,,NO UNUSUAL CONDITIONS - NO UNUSUAL CONDITIONS,,,C,DARK-STREET LIGHTS,,,,,,,D,CROSSING - NOT IN CROSSWALK,,C,,,,JUNIPERO SERRA,TARAV,,,A,,,19TH AV,,,A,7/25/2024 7:31:24 PM,1/28/2025 4:01:49 PM,,,2,,,,,,,,
2022,2623421,220148878,2,False,3801,3/5/2022 10:12:00 PM,2212,E1,1227,3801,San Francisco,38,True,True,G,VEHICLE/PEDESTRAIN,,Saturday,,,,,False,False,False,,B,PEDESTRIAN,,1,0,CLEAR,,NO UNUSUAL CONDITIONS - NO UNUSUAL CONDITIONS,,,C,DARK-STREET LIGHTS,,,,,,,B,CROSSING IN CROSS WALK AT INTERSECTION,,A,21453D,,1,FRANKLIN ST,NORTH,,,A,,,FELL ST,,,A,7/25/2024 7:31:24 PM,1/28/2025 4:01:49 PM,,,2,,,,,,,,
2022,2621870,220089294,2,False,3801,2/9/2022 7:07:00 AM,0707,3B14A,1227,3801,San Francisco,38,True,True,G,VEHICLE/PEDESTRAIN,,Wednesday,,,,,False,False,False,,B,PEDESTRIAN,,1,0,CLEAR,,NO UNUSUAL CONDITIONS - NO UNUSUAL CONDITIONS,,,A,DAYLIGHT,,,,,,,,,,D,,,1,MARKET ST,SOUTH,,,A,,,GOUGH ST,,,A,7/25/2024 7:29:04 PM,1/28/2025 4:00:10 PM,,,2,,,,,,,,
2022,2621869,220132843,2,False,3801,2/27/2022 2:13:00 PM,1413,4B3G,1227,3801,San Francisco,38,True,True,G,VEHICLE/PEDESTRAIN,,Sunday,,,,,False,False,True,,B,PEDESTRIAN,,8,0,CLEAR,,NO UNUSUAL CONDITIONS - NO UNUSUAL CONDITIONS,,,A,DAYLIGHT,,,,,,,F,NOT IN ROAD,,A,22106,,1,IRVING ST,,,,A,W,113,8TH ST,F,,D,7/25/2024 7:29:03 PM,1/28/2025 4:00:10 PM,,,2,,,,,,,,
2022,2621850,220197063,2,False,3801,3/25/2022 5:00:00 PM,1700,3C14D,1227,3801,San Francisco,38,True,True,G,VEHICLE/PEDESTRAIN,,Friday,,,,,False,False,False,,B,PEDESTRIAN,,1,0,CLEAR,,NO UNUSUAL CONDITIONS - NO UNUSUAL CONDITIONS,,,A,DAYLIGHT,,,,,,,B,CROSSING IN CROSS WALK AT INTERSECTION,,A,21950A,,1,MENSELL ST,BAYVI,,,A,,,BRUSSELS ST,,,A,7/25/2024 7:29:02 PM,1/28/2025 4:00:09 PM,,,2,,,,,,,,
2022,2621848,220163763,2,False,3801,3/11/2022 11:04:00 PM,2304,3J15E,1227,3801,San Francisco,38,True,True,C,REAR END,,Friday,,,,,False,False,False,,B,PEDESTRIAN,,1,0,CLEAR,,NO UNUSUAL CONDITIONS - NO UNUSUAL CONDITIONS,,,C,DARK-STREET LIGHTS,,,,,,,D,CROSSING - NOT IN CROSSWALK,,A,21955,,1,LEAVENWORTH ST,TENDE,,,A,S,94,EDDY ST,F,,D,7/25/2024 7:29:02 PM,1/28/2025 4:00:08 PM,,,2,,,,,,,,
2022,2621843,220138829,2,False,3801,3/2/2022 1:23:00 AM,0123,1,1227,3801,San Francisco,38,True,True,G,VEHICLE/PEDESTRAIN,,Wednesday,,,,,False,False,False,,B,PEDESTRIAN,,1,0,CLEAR,,NO UNUSUAL CONDITIONS - NO UNUSUAL CONDITIONS,,,C,DARK-STREET LIGHTS,,,,,,,E,IN ROAD - INCLUDES SHOULDER,,A,21954,,1,MISSION ST,SOUTH,,,A,,,NEW MONTGOMERY ST,,,D,7/25/2024 7:29:01 PM,1/28/2025 4:00:08 PM,,,2,,,,,,,,
2022,2621839,220160468,2,False,3801,3/10/2022 5:42:00 PM,1742,3C15D,1227,3801,San Francisco,38,True,True,G,VEHICLE/PEDESTRAIN,,Thursday,,,F,,False,False,False,,B,PEDESTRIAN,,1,0,CLEAR,,NO UNUSUAL CONDITIONS - NO UNUSUAL CONDITIONS,,,A,DAYLIGHT,,,,,,,D,CROSSING - NOT IN CROSSWALK,,A,21955,,1,3RD ST,BAYVI,,,A,S,22,UNDERWOOD AV,F,,A,7/25/2024 7:29:01 PM,1/28/2025 4:00:08 PM,,,2,,,,,,,,
2022,2621836,220169589,2,False,3801,3/14/2022 4:02:00 PM,1602,3I13D,1227,3801,San Francisco,38,True,True,G,VEHICLE/PEDESTRAIN,,Monday,,,,,False,False,False,,B,PEDESTRIAN,,1,0,CLEAR,,NO UNUSUAL CONDITIONS - NO UNUSUAL CONDITIONS,,,A,DAYLIGHT,,,,,,,B,CROSSING IN CROSS WALK AT INTERSECTION,,A,21950A,,1,43RD AV,TARAV,,,A,,,LINCOLN WY,,,A,7/25/2024 7:29:01 PM,1/28/2025 4:00:08 PM,,,2,,,,,,,,
2022,2621833,220150748,2,False,3801,3/6/2022 8:52:00 PM,2052,3H15D,1227,3801,San Francisco,38,True,True,G,VEHICLE/PEDESTRAIN,,Sunday,,,,,False,False,False,,B,PEDESTRIAN,,1,0,CLEAR,,NO UNUSUAL CONDITIONS - NO UNUSUAL CONDITIONS,,,C,DARK-STREET LIGHTS,,,,,,,B,CROSSING IN CROSS WALK AT INTERSECTION,,A,21950A,,1,GENEVA AV,INGLE,,,A,,,SAN JOSE AV,,,A,7/25/2024 7:29:00 PM,1/28/2025 4:00:07 PM,,,2,,,,,,,,
2022,2621831,220166290,2,False,3801,3/13/2022 3:56:00 AM,0356,3B15E,1227,3801,San Francisco,38,True,True,D,BROADSIDE,,Sunday,,,F,,False,False,False,,C,OTHER MOTOR VEHICLE,,1,0,RAINING,,NO UNUSUAL CONDITIONS - NO UNUSUAL CONDITIONS,,,C,DARK-STREET LIGHTS,,,,,,,,,,A,21801A,,1,2ND ST,SOUTH,,,B,,,CLEMENTINA ST,,,D,7/25/2024 7:29:00 PM,1/28/2025 4:00:07 PM,,,2,,,,,,,,
2022,2621826,220159314,2,False,3801,3/10/2022 9:27:00 AM,0927,4B1B,1227,3801,San Francisco,38,True,True,G,VEHICLE/PEDESTRAIN,,Thursday,,,,,False,False,False,,B,PEDESTRIAN,,0,1,CLEAR,,NO UNUSUAL CONDITIONS - NO UNUSUAL CONDITIONS,,,A,DAYLIGHT,,,,,,,B,CROSSING IN CROSS WALK AT INTERSECTION,,D,21950B,,1,FILLMORE ST,TRAFF,,,A,N,14,CHESTNUT ST,F,,A,7/25/2024 7:29:00 PM,1/28/2025 4:00:07 PM,,,2,,,,,,,,
2022,2621825,220188222,2,False,3801,3/22/2022 1:09:00 PM,1309,3E4C,1227,3801,San Francisco,38,True,True,G,VEHICLE/PEDESTRAIN,,Tuesday,,,,,False,False,False,,B,PEDESTRIAN,,2,0,CLEAR,,NO UNUSUAL CONDITIONS - NO UNUSUAL CONDITIONS,,,A,DAYLIGHT,,,,,,,B,CROSSING IN CROSS WALK AT INTERSECTION,,A,21950,,1,OCTAVIA ST,NORTH,,,A,S,15,PACIFIC AV,F,,A,7/25/2024 7:29:00 PM,1/28/2025 4:00:07 PM,,,2,,,,,,,,