source_year,Collision Id,Report Number,Report Version,Is Preliminary,NCIC Code,Crash Date Time,Crash Time Description,Beat,City Id,City Code,City Name,County Code,City Is Active,City Is Incorporated,Collision Type Code,Collision Type Description,Collision Type Other Desc,Day Of Week,DispatchNotified,HasPhotographs,HitRun,IsAttachmentsMailed,IsDeleted,IsHighwayRelated,IsTowAway,JudicialDistrict,MotorVehicleInvolvedWithCode,MotorVehicleInvolvedWithDesc,MotorVehicleInvolvedWithOtherDesc,NumberInjured,NumberKilled,Weather 1,Weather 2,Road Condition 1,Road Condition 2,Special Condition,LightingCode,LightingDescription,Latitude,Longitude,MilepostDirection,MilepostDistance,MilepostMarker,MilepostUnitOfMeasure,PedestrianActionCode,PedestrianActionDesc,PreparedDate,Primary Collision Factor Code,Primary Collision Factor Violation,PrimaryCollisionFactorIsCited,PrimaryCollisionPartyNumber,PrimaryRoad,ReportingDistrict,ReportingDistrictCode,ReviewedDate,RoadwaySurfaceCode,SecondaryDirection,SecondaryDistance,SecondaryRoad,SecondaryUnitOfMeasure,SketchDesc,TrafficControlDeviceCode,CreatedDate,ModifiedDate,IsCountyRoad,IsFreeway,CHP555Version,IsAdditonalObjectStruck,NotificationDate,NotificationTimeDescription,HasDigitalMediaFiles,EvidenceNumber,IsLocationReferToNarrative,IsAOIOneSameAsLocation,_id
2024,4664300,240770360,1,False,3801,12/12/2024 6:19:00 AM,0619,4B1E,1227,3801,San Francisco,38,True,True,G,VEHICLE/PEDESTRAIN,,Thursday,,,,,False,False,True,,B,PEDESTRIAN,,0,1,RAINING,,NO UNUSUAL CONDITIONS,,,C,DARK-STREET LIGHTS,,,,,,,E,IN ROAD - INCLUDES SHOULDER,,A,21954A,,1,BAYSHORE BL,TRAFF,,,B,N,43,INDUSTRIAL ST,F,,D,4/25/2025 11:32:27 AM,4/25/2025 11:32:27 AM,,,2,,,,,,,,
2024,4644364,240598087,1,False,3801,9/23/2024 9:19:00 AM,0919,3F13A,1227,3801,San Francisco,38,True,True,G,VEHICLE/PEDESTRAIN,,Monday,,,,,False,False,False,,B,PEDESTRIAN,,2,0,CLEAR,,NO UNUSUAL CONDITIONS,,,A,DAYLIGHT,,,,,,,B,CROSSING IN CROSS WALK AT INTERSECTION,,A,21950A,,1,FULTON ST,PARK,,,A,,,CLAYTON ST,,,D,4/10/2025 8:53:18 AM,4/10/2025 8:53:18 AM,,,2,,,,,,,,
2024,4644290,240707777,1,False,3801,11/12/2024 8:50:00 AM,0850,3B13A,1227,3801,San Francisco,38,True,True,G,VEHICLE/PEDESTRAIN,,Tuesday,,,F,,False,False,False,,B,PEDESTRIAN,,1,0,CLEAR,,NO UNUSUAL CONDITIONS,,,A,DAYLIGHT,,,,,,,B,CROSSING IN CROSS WALK AT INTERSECTION,,A,21950A,,1,HOWARD ST,SOUTH,,,A,,,RUSS ST,,,A,4/10/2025 8:23:18 AM,4/10/2025 8:23:18 AM,,,2,,,,,,,,
2024,4644278,240745006,1,False,3801,12/2/2024 6:33:00 AM,0633,,1227,3801,San Francisco,38,True,True,G,VEHICLE/PEDESTRAIN,,Monday,,,,,False,False,False,,,,,1,0,CLEAR,,NO UNUSUAL CONDITIONS,,,C,DARK-STREET LIGHTS,,,,,,,B,CROSSING IN CROSS WALK AT INTERSECTION,,A,21456A,,1,BAYSHORE BL,TRAFF,,,A,,,PAUL AV,,,A,4/10/2025 8:18:18 AM,4/10/2025 8:18:18 AM,,,2,,,,,,,,
2024,4644264,240704654,1,False,3801,11/10/2024 1:39:00 PM,1339,3J93C,1227,3801,San Francisco,38,True,True,G,VEHICLE/PEDESTRAIN,,Sunday,,,F,,False,False,False,,B,PEDESTRIAN,,1,0,CLEAR,,NO UNUSUAL CONDITIONS,,,A,DAYLIGHT,,,,,,,B,CROSSING IN CROSS WALK AT INTERSECTION,,A,21950A,,1,LARKIN ST,TENDE,,,A,,,EDDY ST,,,A,4/10/2025 8:08:18 AM,4/10/2025 8:08:18 AM,,,2,,,,,,,,
2024,4644108,240625016,1,False,3801,10/4/2024 2:49:00 PM,1449,3A42C,1227,3801,San Francisco,38,True,True,G,VEHICLE/PEDESTRAIN,,Friday,,,,,False,False,False,,B,PEDESTRIAN,,1,0,CLEAR,,NO UNUSUAL CONDITIONS,,,A,DAYLIGHT,,,,,,,B,CROSSING IN CROSS WALK AT INTERSECTION,,A,21950A,,1,LEAVENWORTH ST,CENTR,,,A,,,POST ST,,,A,4/10/2025 6:28:18 AM,4/10/2025 6:28:18 AM,,,2,,,,,,,,
2024,4643543,230207505,1,False,3801,3/24/2024 8:03:00 PM,2003,,1227,3801,San Francisco,38,True,True,G,VEHICLE/PEDESTRAIN,,Sunday,,,,,False,False,False,,B,PEDESTRIAN,,1,0,CLEAR,,NO UNUSUAL CONDITIONS,,,C,DARK-STREET LIGHTS,,,,,,,B,CROSSING IN CROSS WALK AT INTERSECTION,,A,21453D,,1,16TH ST,MISSI,,,A,,,FOLSOM ST,,,A,4/9/2025 3:18:16 PM,4/9/2025 3:18:16 PM,,,2,,,,,,,,
2024,4635968,240784264,1,False,3801,12/23/2024 7:15:00 PM,1915,6,1227,3801,San Francisco,38,True,True,A,HEAD-ON,,Monday,,,,,False,False,False,,B,PEDESTRIAN,,1,0,CLEAR,,NO UNUSUAL CONDITIONS,,,C,DARK-STREET LIGHTS,,,,,,,B,CROSSING IN CROSS WALK AT INTERSECTION,,A,21950A,,1,S VAN NESS AV,MISSI,,,A,,,15TH ST,,,A,4/3/2025 9:22:49 AM,4/3/2025 9:22:49 AM,,,2,,,,,,,,
2024,4626240,240663721,2,False,3801,10/22/2024 8:44:00 AM,0844,4B2C,1227,3801,San Francisco,38,True,True,G,VEHICLE/PEDESTRAIN,,Tuesday,,,,,False,False,True,,B,PEDESTRIAN,,0,1,CLEAR,,NO UNUSUAL CONDITIONS - NO UNUSUAL CONDITIONS,,,A,DAYLIGHT,,,,,,,B,CROSSING IN CROSS WALK AT INTERSECTION,,A,21950B,,1,PARNASSUS AV,TRAFF,,,A,W,10,STANYAN ST,F,,A,3/25/2025 1:57:23 PM,7/17/2025 9:31:49 AM,,,2,,,,,,,,
2024,4624367,240670845,1,False,3801,10/25/2024 6:52:00 AM,0652,4B1D,1227,3801,San Francisco,38,True,True,G,VEHICLE/PEDESTRAIN,,Friday,,,,,False,False,True,,B,PEDESTRIAN,,0,1,CLEAR,,NO UNUSUAL CONDITIONS,,,C,DARK-STREET LIGHTS,,,,,,,D,CROSSING - NOT IN CROSSWALK,,A,21955,,1,GEARY BL,TRAFF,,,A,W,51,BRODERICK ST,F,,D,3/24/2025 11:51:33 AM,3/24/2025 11:51:33 AM,,,2,,,,,,,,
2024,4622100,240700210,1,False,3801,11/7/2024 9:00:00 AM,0900,B3,1227,3801,San Francisco,38,True,True,G,VEHICLE/PEDESTRAIN,,Thursday,,,F,,False,False,False,,B,PEDESTRIAN,,1,0,CLEAR,,NO UNUSUAL CONDITIONS,,,A,DAYLIGHT,,,,,,,B,CROSSING IN CROSS WALK AT INTERSECTION,,A,21950,,1,7TH ST,SOUTH,,,A,,,HARRISON ST,,,A,3/24/2025 11:31:45 AM,3/24/2025 11:31:45 AM,,,2,,,,,,,,
2024,4614340,240770752,1,False,3801,12/14/2024 12:37:00 PM,1237,4CAR,1227,3801,San Francisco,38,True,True,G,VEHICLE/PEDESTRAIN,,Saturday,,,,,False,False,False,,B,PEDESTRIAN,,1,0,CLOUDY,RAINING,NO UNUSUAL CONDITIONS,,,A,DAYLIGHT,,,,,,,D,CROSSING - NOT IN CROSSWALK,,A,22107,,1,PICO AVE,TARAV,,,B,,,URBANO DR,,,D,3/24/2025 11:14:11 AM,3/24/2025 11:14:11 AM,,,2,,,,,,,,
2024,4582163,240801084,1,False,3801,12/31/2024 1:41:00 PM,1341,3B13A,1227,3801,San Francisco,38,True,True,G,VEHICLE/PEDESTRAIN,,Tuesday,,,F,,False,False,False,,B,PEDESTRIAN,,1,0,CLEAR,,NO UNUSUAL CONDITIONS,,,C,DARK-STREET LIGHTS,,,,,,,,,,A,21950B,,2,SHERMAN ST,SOUTH,,,A,,,CLEVELAND ST,,,D,2/18/2025 7:36:15 AM,2/18/2025 7:36:15 AM,,,2,,,,,,,,
2024,4582161,240795158,1,False,3801,12/18/2024 12:48:00 PM,1248,6CAR,1227,3801,San Francisco,38,True,True,G,VEHICLE/PEDESTRAIN,,Wednesday,,,,,False,False,False,,B,PEDESTRIAN,,1,0,CLOUDY,,NO UNUSUAL CONDITIONS,,,A,DAYLIGHT,,,,,,,B,CROSSING IN CROSS WALK AT INTERSECTION,,A,21950,,1,OCEAN AV,TARAV,,,B,,,CAPITOL AV,,,A,2/18/2025 7:36:15 AM,2/18/2025 7:36:15 AM,,,2,,,,,,,,
2024,4578504,240784515,1,False,3801,12/21/2024 5:20:00 PM,1720,4B2E,1227,3801,San Francisco,38,True,True,G,VEHICLE/PEDESTRAIN,,Saturday,,,F,,False,False,False,,B,PEDESTRIAN,,1,0,CLEAR,,NO UNUSUAL CONDITIONS,,,C,DARK-STREET LIGHTS,,,,,,,B,CROSSING IN CROSS WALK AT INTERSECTION,,A,21950A,,1,EDDY ST,TRAFF,,,A,,,VAN NESS AV,,,A,2/13/2025 12:05:57 PM,2/13/2025 12:05:57 PM,,,2,,,,,,,,
2024,4578174,240800622,1,False,3801,12/31/2024 9:30:00 AM,0930,6 CAR,1227,3801,San Francisco,38,True,True,,,,Tuesday,,,,,False,False,False,,B,PEDESTRIAN,,1,0,CLEAR,,NO UNUSUAL CONDITIONS,,,A,DAYLIGHT,,,,,,,F,NOT IN ROAD,,A,21950B,,1,BROAD ST,TARAV,,,A,W,26,PLYMOUTH AV,F,,D,2/13/2025 9:45:56 AM,2/13/2025 9:45:56 AM,,,2,,,,,,,,
2024,4578111,240800694,1,False,3801,12/30/2024 11:00:00 AM,1100,3100,1227,3801,San Francisco,38,True,True,G,VEHICLE/PEDESTRAIN,,Monday,,,,,False,False,False,,B,PEDESTRIAN,,2,0,CLEAR,,NO UNUSUAL CONDITIONS,,,A,DAYLIGHT,,,,,,,B,CROSSING IN CROSS WALK AT INTERSECTION,,A,21950A,,1,MISSION ST,TARAV,,,A,,,SENECA AV,,,A,2/13/2025 9:20:56 AM,2/13/2025 9:20:56 AM,,,2,,,,,,,,
2024,4577123,240792574,1,False,3801,12/26/2024 11:40:00 PM,2340,3D11E,1227,3801,San Francisco,38,True,True,G,VEHICLE/PEDESTRAIN,,Thursday,,,,,False,False,False,,B,PEDESTRIAN,,1,0,RAINING,,NO UNUSUAL CONDITIONS,,,C,DARK-STREET LIGHTS,,,,,,,B,CROSSING IN CROSS WALK AT INTERSECTION,,A,21453D,,1,MARKET ST,MISSI,,,B,,,15TH ST,,,A,2/12/2025 2:20:53 PM,2/12/2025 2:20:53 PM,,,2,,,,,,,,
2024,4576884,240799956,1,False,3801,12/30/2024 8:14:00 PM,2014,3E13D,1227,3801,San Francisco,38,True,True,G,VEHICLE/PEDESTRAIN,,Monday,,,,,False,False,False,,B,PEDESTRIAN,,1,0,CLEAR,,NO UNUSUAL CONDITIONS,,,C,DARK-STREET LIGHTS,,,,,,,B,CROSSING IN CROSS WALK AT INTERSECTION,,A,21950A,,1,GEARY BL,NORTH,,,A,W,8,DIVISADERO ST,F,,A,2/12/2025 12:20:51 PM,2/12/2025 12:20:51 PM,,,2,,,,,,,,
2024,4576877,240800553,1,False,3801,12/31/2024 8:55:00 AM,0855,3E4A,1227,3801,San Francisco,38,True,True,G,VEHICLE/PEDESTRAIN,,Tuesday,,,,,False,False,False,,B,PEDESTRIAN,,1,0,CLEAR,,NO UNUSUAL CONDITIONS,,,A,DAYLIGHT,,,,,,,B,CROSSING IN CROSS WALK AT INTERSECTION,,A,21950A,,1,CALIFORNIA ST,NORTH,,,A,,,STEINER ST,,,A,2/12/2025 12:15:51 PM,2/12/2025 12:15:51 PM,,,2,,,,,,,,
2024,4576778,240801595,1,False,3801,12/31/2024 6:38:00 PM,1838,3515D,1227,3801,San Francisco,38,True,True,G,VEHICLE/PEDESTRAIN,,Tuesday,,,,,False,False,False,,B,PEDESTRIAN,,1,0,CLEAR,,NO UNUSUAL CONDITIONS,,,C,DARK-STREET LIGHTS,,,,,,,D,CROSSING - NOT IN CROSSWALK,,A,21954A,,1,MISSION ST,MISSI,,,A,,,MISSION ST 1875,,,D,2/12/2025 11:15:51 AM,2/12/2025 11:15:51 AM,,,2,,,,,,,,
2024,4575594,240798055,1,False,3801,12/30/2024 1:15:00 AM,0115,3J13E,1227,3801,San Francisco,38,True,True,G,VEHICLE/PEDESTRAIN,,Monday,,,,,False,False,False,,B,PEDESTRIAN,,1,0,CLEAR,,NO UNUSUAL CONDITIONS,,,C,DARK-STREET LIGHTS,,,,,,,D,CROSSING - NOT IN CROSSWALK,,A,21954,,1,LARKIN,TENDE,,,A,,,FULTON ST,,,A,2/12/2025 9:55:28 AM,2/12/2025 9:55:28 AM,,,2,,,,,,,,
2024,4575568,240798522,1,False,3801,12/30/2024 9:34:00 AM,0934,3I1A,1227,3801,San Francisco,38,True,True,G,VEHICLE/PEDESTRAIN,,Monday,,,,,False,False,False,,B,PEDESTRIAN,,1,0,CLEAR,,NO UNUSUAL CONDITIONS,,,A,DAYLIGHT,,,,,,,B,CROSSING IN CROSS WALK AT INTERSECTION,,A,21950A,,1,NORIEGA ST,TARAV,,,A,E,3,30TH AV,F,,A,2/12/2025 9:45:28 AM,2/12/2025 9:45:28 AM,,,2,,,,,,,,
2024,4575463,240792552,1,False,3801,12/26/2024 11:20:00 PM,2320,3I11E,1227,3801,San Francisco,38,True,True,A,HEAD-ON,,Thursday,,,F,,False,False,False,,B,PEDESTRIAN,,1,0,RAINING,,NO UNUSUAL CONDITIONS,,,C,DARK-STREET LIGHTS,,,,,,,B,CROSSING IN CROSS WALK AT INTERSECTION,,A,21950,,1,MORAGA ST,TARAV,,,B,,,18TH AV,,,A,2/12/2025 9:05:27 AM,2/12/2025 9:05:27 AM,,,2,,,,,,,,
2024,4575237,240793958,1,False,3801,12/26/2024 9:30:00 PM,2130,3I15D,1227,3801,San Francisco,38,True,True,G,VEHICLE/PEDESTRAIN,,Thursday,,,F,,False,False,False,,B,PEDESTRIAN,,1,0,RAINING,,NO UNUSUAL CONDITIONS,,,C,DARK-STREET LIGHTS,,,,,,,B,CROSSING IN CROSS WALK AT INTERSECTION,,A,21950A,,1,LAGUNA ST,TARAV,,,B,W,9,NORTH POINT ST,F,,D,2/12/2025 7:40:26 AM,2/12/2025 7:40:26 AM,,,2,,,,,,,,
2024,4575224,240795045,1,False,3801,12/28/2024 10:46:00 AM,1046,3G14A,1227,3801,San Francisco,38,True,True,G,VEHICLE/PEDESTRAIN,,Saturday,,,,,False,False,False,,B,PEDESTRIAN,,1,0,RAINING,,NO UNUSUAL CONDITIONS,,,A,DAYLIGHT,,,,,,,B,CROSSING IN CROSS WALK AT INTERSECTION,,A,21950,,1,CLEMENT ST,RICHM,,,B,,,24TH AV,,,D,2/12/2025 7:35:26 AM,2/12/2025 7:35:26 AM,,,2,,,,,,,,
2024,4574333,240798340,1,False,3801,12/30/2024 7:32:00 AM,0732,5,1227,3801,San Francisco,38,True,True,G,VEHICLE/PEDESTRAIN,,Monday,,,,,False,False,False,,B,PEDESTRIAN,,1,0,CLEAR,,NO UNUSUAL CONDITIONS,,,A,DAYLIGHT,,,,,,,B,CROSSING IN CROSS WALK AT INTERSECTION,,A,21950A,,1,PARIS ST,INGLE,,,A,,,PERSIA AV,,,D,2/11/2025 1:25:24 PM,2/11/2025 1:25:24 PM,,,2,,,,,,,,
2024,4574302,240799207,1,False,3801,12/30/2024 1:32:00 PM,1332,3A2A,1227,3801,San Francisco,38,True,True,G,VEHICLE/PEDESTRAIN,,Monday,,,M,,False,False,False,,B,PEDESTRIAN,,1,0,CLEAR,,NO UNUSUAL CONDITIONS,,,A,DAYLIGHT,,,,,,,B,CROSSING IN CROSS WALK AT INTERSECTION,,A,21453A,,1,JONES ST,CENTR,,,A,,,EDDY ST,,,A,2/11/2025 1:15:24 PM,2/11/2025 1:15:24 PM,,,2,,,,,,,,
2024,4574280,240771380,1,False,3801,12/14/2024 6:22:00 PM,1822,311D,1227,3801,San Francisco,38,True,True,G,VEHICLE/PEDESTRAIN,,Saturday,,,,,False,False,False,,B,PEDESTRIAN,,1,0,CLEAR,,NO UNUSUAL CONDITIONS,,,C,DARK-STREET LIGHTS,,,,,,,,,,A,21950A,,1,17TH AV,TARAV,,,A,,,ULLOA ST,,,A,2/11/2025 1:05:24 PM,2/11/2025 1:05:24 PM,,,2,,,,,,,,
2024,4574263,240755550,1,False,3801,12/6/2024 8:28:00 PM,2028,3A11D,1227,3801,San Francisco,38,True,True,G,VEHICLE/PEDESTRAIN,,Friday,,,F,,False,False,False,,B,PEDESTRIAN,,1,0,CLEAR,,NO UNUSUAL CONDITIONS,,,C,DARK-STREET LIGHTS,,,,,,,B,CROSSING IN CROSS WALK AT INTERSECTION,,A,21950A,,1,HYDE ST,CENTR,,,A,,,PINE ST,,,A,2/11/2025 1:00:23 PM,2/11/2025 1:00:23 PM,,,2,,,,,,,,
2024,4574229,240778950,1,False,3801,12/18/2024 12:55:00 PM,1255,3A3A,1227,3801,San Francisco,38,True,True,G,VEHICLE/PEDESTRAIN,,Wednesday,,,,,False,False,False,,,,,1,0,CLEAR,,,,,A,DAYLIGHT,,,,,,,F,NOT IN ROAD,,A,21235G,,1,VAN NESS AV,CENTR,,,A,,,NORTH POINT ST,,,D,2/11/2025 12:50:23 PM,2/11/2025 12:50:23 PM,,,2,,,,,,,,
2024,4574030,240775536,1,False,3801,12/16/2024 8:09:00 PM,2009,2 CAR,1227,3801,San Francisco,38,True,True,G,VEHICLE/PEDESTRAIN,,Monday,,,,,False,False,False,,B,PEDESTRIAN,,1,0,CLEAR,,NO UNUSUAL CONDITIONS,,,C,DARK-STREET LIGHTS,,,,,,,D,CROSSING - NOT IN CROSSWALK,,A,21950A,,1,GEARY ST,CENTR,,,B,W,12,KEARNY ST,F,,A,2/11/2025 11:25:23 AM,2/11/2025 11:25:23 AM,,,2,,,,,,,,
2024,4574018,240782860,1,False,3801,12/20/2024 4:10:00 PM,1610,901,1227,3801,San Francisco,38,True,True,G,VEHICLE/PEDESTRAIN,,Friday,,,,,False,False,False,,B,PEDESTRIAN,,1,0,CLOUDY,,NO UNUSUAL CONDITIONS,,,A,DAYLIGHT,,,,,,,B,CROSSING IN CROSS WALK AT INTERSECTION,,A,21950B,,1,JUDAH ST,TARAV,,,A,,,23RD AV,,,A,2/11/2025 11:20:23 AM,2/11/2025 11:20:23 AM,,,2,,,,,,,,
2024,4573919,240801460,1,False,3801,12/31/2024 5:20:00 PM,1720,3D14D,1227,3801,San Francisco,38,True,True,G,VEHICLE/PEDESTRAIN,,Tuesday,,,,,False,False,True,,B,PEDESTRIAN,,1,0,CLEAR,,NO UNUSUAL CONDITIONS,,,D,DARK-NO STREET LIGHTS,,,,,,,D,CROSSING - NOT IN CROSSWALK,,A,23152,,1,MISSION ST,MISSI,,,A,,,21ST ST,,,A,2/11/2025 10:50:23 AM,2/11/2025 10:50:23 AM,,,2,,,,,,,,
2024,4573487,240229599,3,False,3801,4/8/2024 6:07:00 AM,0607,1 CAR,1227,3801,San Francisco,38,True,True,G,VEHICLE/PEDESTRAIN,,Monday,,,F,,False,False,False,,C,OTHER MOTOR VEHICLE,,1,0,CLEAR,,NO UNUSUAL CONDITIONS - NO UNUSUAL CONDITIONS,,,A,DAYLIGHT,,,,,,,E,IN ROAD - INCLUDES SHOULDER,,A,22100A,,1,CESAR CHAVEZ ST,BAYVI,,,A,,,VERMONT ST,,,D,2/11/2025 7:55:21 AM,7/17/2025 9:31:03 AM,,,2,,,,,,,,
2024,4572718,250005351,1,False,3801,11/3/2024 11:55:00 AM,1155,3B15A,1227,3801,San Francisco,38,True,True,D,BROADSIDE,,Sunday,,,F,,False,False,False,,B,PEDESTRIAN,,1,0,,,OTHER*,,,A,DAYLIGHT,,,,,,,B,CROSSING IN CROSS WALK AT INTERSECTION,,A,21950A,,1,LARKIN ST,SOUTH,,,A,,,SUTTER ST,,,A,2/10/2025 4:55:14 PM,2/10/2025 4:55:14 PM,,,2,,,,,,,,
2024,4571984,250004591,1,False,3801,1/3/2024 1:00:00 PM,1300,3J116,1227,3801,San Francisco,38,True,True,G,VEHICLE/PEDESTRAIN,,Wednesday,,,F,,False,False,False,,B,PEDESTRIAN,,1,0,CLEAR,,,,,A,DAYLIGHT,,,,,,,D,CROSSING - NOT IN CROSSWALK,,A,22350,,2,GOLDEN GATE AV,TENDE,,,A,E,145,JONES ST,F,,,2/10/2025 9:24:03 AM,2/10/2025 9:24:03 AM,,,2,,,,,,,,
2024,4571565,240407535,1,False,3801,6/30/2024 4:48:00 PM,1648,4B3C,1227,3801,San Francisco,38,True,True,G,VEHICLE/PEDESTRAIN,,Sunday,,,,,False,False,True,,B,PEDESTRIAN,,0,1,CLEAR,,NO UNUSUAL CONDITIONS,,,A,DAYLIGHT,,,,,,,D,CROSSING - NOT IN CROSSWALK,,A,21954A,,1,HARRISON ST,TRAFF,,,A,E,79,6TH ST,F,,A,2/10/2025 9:23:19 AM,2/10/2025 9:23:19 AM,,,2,,,,,,,,
2024,4876159,240548753,1,False,3801,9/1/2024 8:56:00 AM,0856,,1227,3801,San Francisco,38,True,True,G,VEHICLE/PEDESTRAIN,,Sunday,,,F,,False,False,False,,B,PEDESTRIAN,,1,0,CLEAR,,NO UNUSUAL CONDITIONS,,,A,DAYLIGHT,,,,,,,B,CROSSING IN CROSS WALK AT INTERSECTION,,A,21950A,,1,VAN NESS AV,TRAFF,,,A,,,GOLDEN GATE AV,,,A,10/7/2025 10:17:33 AM,10/7/2025 10:17:33 AM,,,2,,,,,,,,
2024,4801183,240199209,1,False,3801,3/29/2024 8:35:00 AM,0835,3I16A,1227,3801,San Francisco,38,True,True,G,VEHICLE/PEDESTRAIN,,Friday,,,,,False,False,False,,G,BICYCLE,,1,0,RAINING,,NO UNUSUAL CONDITIONS,,,A,DAYLIGHT,,,,,,,B,CROSSING IN CROSS WALK AT INTERSECTION,,A,21950A,,1,ALEMANY BL,TARAV,,,B,,,SAINT CHARLES AVE,,,D,8/13/2025 11:02:28 AM,8/13/2025 11:02:28 AM,,,2,,,,,,,,
2024,4757080,240792712,1,False,3801,12/27/2024 5:40:00 AM,0540,4B2E,1227,3801,San Francisco,38,True,True,G,VEHICLE/PEDESTRAIN,,Friday,,,,,False,False,True,,B,PEDESTRIAN,,0,1,CLOUDY,,NO UNUSUAL CONDITIONS,,,D,DARK-NO STREET LIGHTS,,,,,,,E,IN ROAD - INCLUDES SHOULDER,,A,21955,,1,GREAT HWY,TRAFF,,,B,N,29,ULLOA ST,F,,D,7/10/2025 2:48:19 PM,7/10/2025 2:48:19 PM,,,2,,,,,,,,
2024,4749091,240754643,1,False,3801,12/6/2024 11:50:00 AM,1150,3B14A,1227,3801,San Francisco,38,True,True,G,VEHICLE/PEDESTRAIN,,Friday,,,,,False,False,False,,B,PEDESTRIAN,,1,0,CLEAR,,NO UNUSUAL CONDITIONS,,,A,DAYLIGHT,37.773452,-122.391460,,,,,B,CROSSING IN CROSS WALK AT INTERSECTION,,A,21950A,,1,4TH ST,SOUTH,,,A,,,LONG BRIDGE ST,,,D,7/3/2025 7:46:14 AM,7/3/2025 7:46:14 AM,,,2,,,,,,,,
2024,4749081,240784593,1,False,3801,12/21/2024 5:50:00 PM,1750,3H13D,1227,3801,San Francisco,38,True,True,D,BROADSIDE,,Saturday,,,,,False,False,False,,B,PEDESTRIAN,,1,0,RAINING,,,,,C,DARK-STREET LIGHTS,,,,,,,B,CROSSING IN CROSS WALK AT INTERSECTION,,A,21453B,,1,GENEVA AV,INGLE,,,B,,,NAPLES ST,,,A,7/3/2025 7:41:14 AM,7/3/2025 7:41:14 AM,,,2,,,,,,,,
2024,4718139,240544911,1,False,3801,8/30/2024 11:50:00 AM,1150,,1227,3801,San Francisco,38,True,True,D,BROADSIDE,,Friday,,,,,False,False,False,,,,,1,0,CLEAR,,NO UNUSUAL CONDITIONS,,,A,DAYLIGHT,,,,,,,,,,A,22107,,1,16TH ST,SOUTH,,,A,,,DE HARO ST,,,D,6/9/2025 9:54:23 AM,6/9/2025 9:54:23 AM,,,2,,,,,,,,
2024,4695322,240548800,1,False,3801,9/1/2024 9:58:00 AM,0958,3B14A,1227,3801,San Francisco,38,True,True,G,VEHICLE/PEDESTRAIN,,Sunday,,,,,False,False,False,,B,PEDESTRIAN,,1,0,CLEAR,,NO UNUSUAL CONDITIONS,,,A,DAYLIGHT,,,,,,,D,CROSSING - NOT IN CROSSWALK,,A,21955,,1,MISSION ST,MISSI,,,A,W,15,15TH ST,F,,A,5/21/2025 8:11:51 AM,5/21/2025 8:11:51 AM,,,2,,,,,,,,
2024,4694100,240730574,1,False,3801,11/24/2024 2:40:00 AM,0240,4B2E,1227,3801,San Francisco,38,True,True,G,VEHICLE/PEDESTRAIN,,Sunday,,,,,False,False,True,,B,PEDESTRIAN,,0,1,CLEAR,,NO UNUSUAL CONDITIONS,,,C,DARK-STREET LIGHTS,,,,,,,E,IN ROAD - INCLUDES SHOULDER,,A,21954A,,2,16TH ST,TRAFF,,,A,W,10,RONDEL PL,F,,D,5/20/2025 11:01:47 AM,5/20/2025 11:01:47 AM,,,2,,,,,,,,
2024,4692514,240762680,1,False,3801,12/10/2024 2:50:00 PM,1450,,1227,3801,San Francisco,38,True,True,G,VEHICLE/PEDESTRAIN,,Tuesday,,,,,False,False,False,,B,PEDESTRIAN,,1,0,CLEAR,,NO UNUSUAL CONDITIONS,,,A,DAYLIGHT,,,,,,,,,,A,22106,,1,MASON ST,CENTR,,,A,,,FILBERT ST,,,D,5/19/2025 11:36:13 AM,5/19/2025 11:36:13 AM,,,2,,,,,,,,
2024,4692505,240787923,1,False,3801,12/23/2024 7:46:00 PM,1946,PATRO,1227,3801,San Francisco,38,True,True,G,VEHICLE/PEDESTRAIN,,Monday,,,,,False,False,False,,B,PEDESTRIAN,,1,0,CLOUDY,,NO UNUSUAL CONDITIONS,,,D,DARK-NO STREET LIGHTS,,,,,,,B,CROSSING IN CROSS WALK AT INTERSECTION,,A,21950A,,1,FOLSOM ST,MISSI,,,A,,,14TH ST,,,A,5/19/2025 11:31:13 AM,5/19/2025 11:31:13 AM,,,2,,,,,,,,
2025,4577869,250027628,1,False,3801,2025-01-14T16:30:00,1630,3B1,1227,3801,San Francisco,38,True,True,G,VEHICLE/PEDESTRAIN,,Tuesday,,,,,False,False,False,,B,PEDESTRIAN,,1,0,CLEAR,,NO UNUSUAL CONDITIONS,,,A,DAYLIGHT,,,,,,,B,CROSSING IN CROSS WALK AT INTERSECTION,,D,,,,MISSION ST,SOUTH,,,A,,,BEALE ST,,,A,2025-02-13T08:00:54,2025-02-13T08:00:54,,,2,,,,,,,,24526
2025,4577825,250039861,2,False,3801,2025-01-21T06:11:00,611,3H11A,1227,3801,San Francisco,38,True,True,G,VEHICLE/PEDESTRAIN,,Tuesday,,,,,False,False,False,,B,PEDESTRIAN,,0,1,CLEAR,,NO UNUSUAL CONDITIONS - NO UNUSUAL CONDITIONS,,,C,DARK-STREET LIGHTS,,,,,,,B,CROSSING IN CROSS WALK AT INTERSECTION,,A,21950A,,1,GENEVA AV,INGLE,,,A,,,CARTER ST,,,A,2025-02-13T07:35:54,2025-07-17T09:31:02,,,2,,,,,,,,24565
2025,4575542,250049860,1,False,3801,2025-01-26T00:50:00,50,3E13E,1227,3801,San Francisco,38,True,True,G,VEHICLE/PEDESTRAIN,,Sunday,,,F,,False,False,False,,B,PEDESTRIAN,,1,0,CLEAR,,NO UNUSUAL CONDITIONS,,,C,DARK-STREET LIGHTS,,,,,,,B,CROSSING IN CROSS WALK AT INTERSECTION,,A,21453D,,1,VAN NESS AV,NORTH,,,A,,,ARRELL ST,,,A,2025-02-12T09:30:28,2025-02-12T09:30:28,,,2,,,,,,,,25534