source_year,Collision Id,Report Number,Report Version,Is Preliminary,NCIC Code,Crash Date Time,Crash Time Description,Beat,City Id,City Code,City Name,County Code,City Is Active,City Is Incorporated,Collision Type Code,Collision Type Description,Collision Type Other Desc,Day Of Week,DispatchNotified,HasPhotographs,HitRun,IsAttachmentsMailed,IsDeleted,IsHighwayRelated,IsTowAway,JudicialDistrict,MotorVehicleInvolvedWithCode,MotorVehicleInvolvedWithDesc,MotorVehicleInvolvedWithOtherDesc,NumberInjured,NumberKilled,Weather 1,Weather 2,Road Condition 1,Road Condition 2,Special Condition,LightingCode,LightingDescription,Latitude,Longitude,MilepostDirection,MilepostDistance,MilepostMarker,MilepostUnitOfMeasure,PedestrianActionCode,PedestrianActionDesc,PreparedDate,Primary Collision Factor Code,Primary Collision Factor Violation,PrimaryCollisionFactorIsCited,PrimaryCollisionPartyNumber,PrimaryRoad,ReportingDistrict,ReportingDistrictCode,ReviewedDate,RoadwaySurfaceCode,SecondaryDirection,SecondaryDistance,SecondaryRoad,SecondaryUnitOfMeasure,SketchDesc,TrafficControlDeviceCode,CreatedDate,ModifiedDate,IsCountyRoad,IsFreeway,CHP555Version,IsAdditonalObjectStruck,NotificationDate,NotificationTimeDescription,HasDigitalMediaFiles,EvidenceNumber,IsLocationReferToNarrative,IsAOIOneSameAsLocation,_id
2025,4686005,250207585,1,False,3801,2025-04-13T18:59:00,1859,3113D,1227,3801,San Francisco,38,True,True,G,VEHICLE/PEDESTRAIN,,Sunday,,,,,False,False,True,,B,PEDESTRIAN,,2,0,CLEAR,,NO UNUSUAL CONDITIONS,,,A,DAYLIGHT,,,,,,,C,CROSSING IN CROSS WALK - NOT AT INTERSECTION,,A,21950A,,1,37TH AV,TARAV,,,A,,,VICENTE ST,,,A,2025-05-13T14:54:50,2025-05-13T14:54:50,,,2,,,,,,,,116093
2025,4685770,250189632,1,False,3801,2025-04-04T18:17:00,1817,3E15D,1227,3801,San Francisco,38,True,True,G,VEHICLE/PEDESTRAIN,,Friday,,,,,False,False,False,,B,PEDESTRIAN,,1,0,CLEAR,,NO UNUSUAL CONDITIONS,,,A,DAYLIGHT,,,,,,,B,CROSSING IN CROSS WALK AT INTERSECTION,,A,21950A,,1,WEBSTER ST,NORTH,,,A,,,UNION ST,,,A,2025-05-13T12:54:49,2025-05-13T12:54:49,,,2,,,,,,,,116316
2025,4685707,250193570,1,False,3801,2025-04-06T20:32:00,2032,3J2D,1227,3801,San Francisco,38,True,True,B,SIDE SWIPE,,Sunday,,,F,,False,False,True,,C,OTHER MOTOR VEHICLE,,1,0,CLEAR,,NO UNUSUAL CONDITIONS,,,C,DARK-STREET LIGHTS,,,,,,,,,,A,22350,,1,OFARRELL ST,TENDE,,,A,W,50,CYRIL MAGNIN ST,F,,D,2025-05-13T12:29:49,2025-05-13T12:29:49,,,2,,,,,,,,116375
2025,4685666,250199039,1,False,3801,2025-04-09T09:00:00,900,3E00,1227,3801,San Francisco,38,True,True,B,SIDE SWIPE,,Wednesday,,,F,,False,False,False,,B,PEDESTRIAN,,1,0,CLEAR,,NO UNUSUAL CONDITIONS,,,A,DAYLIGHT,,,,,,,B,CROSSING IN CROSS WALK AT INTERSECTION,,A,21950,,1,BAY ST,NORTH,,,,,,VAN NESS AV,,,,2025-05-13T12:14:49,2025-05-13T12:14:49,,,2,,,,,,,,116416
2025,4685637,250214615,1,False,3801,2025-04-17T13:23:00,1323,3E13A,1227,3801,San Francisco,38,True,True,G,VEHICLE/PEDESTRAIN,,Thursday,,,F,,False,False,False,,B,PEDESTRIAN,,1,0,CLEAR,,NO UNUSUAL CONDITIONS,,,A,DAYLIGHT,,,,,,,C,CROSSING IN CROSS WALK - NOT AT INTERSECTION,,A,21950A,,1,BUSH ST,NORTH,,,A,,,GOUGH ST,,,A,2025-05-13T11:59:49,2025-05-13T11:59:49,,,2,,,,,,,,116443
2025,4685620,250175584,1,False,3801,2025-03-28T13:47:00,1347,4CAR,1227,3801,San Francisco,38,True,True,G,VEHICLE/PEDESTRAIN,,Friday,,,,,False,False,False,,B,PEDESTRIAN,,1,0,CLEAR,,NO UNUSUAL CONDITIONS,,,A,DAYLIGHT,,,,,,,B,CROSSING IN CROSS WALK AT INTERSECTION,,A,21950A,,1,NOE ST,PARK,,,A,,,DUBOCE ST,,,D,2025-05-13T11:44:49,2025-05-13T11:44:49,,,2,,,,,,,,116460
2025,4685454,250205589,1,False,3801,2025-04-12T13:10:00,1310,4B2E,1227,3801,San Francisco,38,True,True,G,VEHICLE/PEDESTRAIN,,Saturday,,,,,False,False,False,,B,PEDESTRIAN,,1,0,CLEAR,,NO UNUSUAL CONDITIONS,,,A,DAYLIGHT,,,,,,,B,CROSSING IN CROSS WALK AT INTERSECTION,,D,,,,REPOSA WY,TRAFF,,,A,,,TERESITA BL,,,D,2025-05-13T10:34:48,2025-05-13T10:34:48,,,2,,,,,,,,116624
2025,4685031,250177455,1,False,3801,2025-03-29T15:33:00,1533,5,1227,3801,San Francisco,38,True,True,D,BROADSIDE,,Saturday,,,,,False,False,False,,J,OTHER OBJECT,,2,0,CLEAR,,NO UNUSUAL CONDITIONS,,,A,DAYLIGHT,,,,,,,D,CROSSING - NOT IN CROSSWALK,,A,22450A,,1,PRAGUE ST,INGLE,,,A,,,CORDOVA ST,,,A,2025-05-13T07:54:48,2025-05-13T07:54:48,,,2,,,,,,,,117030
2025,4684976,250177530,1,False,3801,2025-03-29T16:19:00,1619,3D6D,1227,3801,San Francisco,38,True,True,G,VEHICLE/PEDESTRAIN,,Saturday,,,F,,False,False,False,,B,PEDESTRIAN,,1,0,CLOUDY,,NO UNUSUAL CONDITIONS,,,A,DAYLIGHT,,,,,,,F,NOT IN ROAD,,A,21658A,,1,WIESE ST,MISSI,,,A,N,30,16TH ST,F,,D,2025-05-13T07:14:48,2025-05-13T07:14:48,,,2,,,,,,,,117081
2025,4684873,250179348,1,False,3801,2025-03-30T20:05:00,2005,3B5D,1227,3801,San Francisco,38,True,True,D,BROADSIDE,,Sunday,,,,,False,False,True,,C,OTHER MOTOR VEHICLE,,2,0,CLEAR,,NO UNUSUAL CONDITIONS,,,C,DARK-STREET LIGHTS,,,,,,,F,NOT IN ROAD,,A,23152A,,1,2ND ST,SOUTH,,,A,,,HOWARD ST,,,A,2025-05-13T05:49:48,2025-05-13T05:49:48,,,2,,,,,,,,117180
2025,4684381,250155354,1,False,3801,2025-03-19T09:18:00,918,3E12A,1227,3801,San Francisco,38,True,True,G,VEHICLE/PEDESTRAIN,,Wednesday,,,,,False,False,False,,B,PEDESTRIAN,,1,0,CLEAR,,NO UNUSUAL CONDITIONS,,,A,DAYLIGHT,,,,,,,B,CROSSING IN CROSS WALK AT INTERSECTION,,A,21950A,,1,HAYES ST,NORTH,,,A,,,BUCHANAN ST,,,A,2025-05-12T15:14:46,2025-05-12T15:14:46,,,2,,,,,,,,117584
2025,4684182,250189529,1,False,3801,2025-04-04T17:43:00,1743,3C4D,1227,3801,San Francisco,38,True,True,G,VEHICLE/PEDESTRAIN,,Friday,,,,,False,False,False,,B,PEDESTRIAN,,1,0,CLEAR,,NO UNUSUAL CONDITIONS,,,A,DAYLIGHT,,,,,,,B,CROSSING IN CROSS WALK AT INTERSECTION,,A,21950A,,1,BACON ST,BAYVI,,,A,S,10,GIRARD ST,F,,A,2025-05-12T13:39:46,2025-05-12T13:39:46,,,2,,,,,,,,117776
2025,4684063,250216354,1,False,3801,2025-04-18T10:33:00,1033,,1227,3801,San Francisco,38,True,True,G,VEHICLE/PEDESTRAIN,,Friday,,,F,,False,False,False,,B,PEDESTRIAN,,1,0,CLEAR,,NO UNUSUAL CONDITIONS,,,A,DAYLIGHT,,,,,,,B,CROSSING IN CROSS WALK AT INTERSECTION,,A,21950A,,2,OFARRELL ST,TENDE,,,A,E,11,POLK ST,F,,A,2025-05-12T12:49:45,2025-05-12T12:49:45,,,2,,,,,,,,117892
2025,4683957,250213203,1,False,3801,2025-04-16T19:15:00,1915,,1227,3801,San Francisco,38,True,True,G,VEHICLE/PEDESTRAIN,,Wednesday,,,,,False,False,False,,B,PEDESTRIAN,,1,0,CLEAR,,NO UNUSUAL CONDITIONS,,,A,DAYLIGHT,,,,,,,B,CROSSING IN CROSS WALK AT INTERSECTION,,A,21456A,,1,HOWARD ST,SOUTH,,,A,,,1ST ST,,,A,2025-05-12T12:09:44,2025-05-12T12:09:44,,,2,,,,,,,,117995
2025,4683734,250232968,1,False,3801,2025-04-26T19:40:00,1940,1 CAR,1227,3801,San Francisco,38,True,True,G,VEHICLE/PEDESTRAIN,,Saturday,,,,,False,False,False,,B,PEDESTRIAN,,1,0,RAINING,,NO UNUSUAL CONDITIONS,,,B,DUSK-DAWN,,,,,,,B,CROSSING IN CROSS WALK AT INTERSECTION,,A,21950A,,1,HYDE ST,CENTR,,,B,,,PINE ST,,,A,2025-05-12T10:14:44,2025-05-12T10:14:44,,,2,,,,,,,,118214
2025,4683546,250190946,1,False,3801,2025-04-05T13:00:00,1300,312A,1227,3801,San Francisco,38,True,True,G,VEHICLE/PEDESTRAIN,,Saturday,,,,,False,False,False,,B,PEDESTRIAN,,1,0,CLEAR,,NO UNUSUAL CONDITIONS,,,A,DAYLIGHT,,,,,,,B,CROSSING IN CROSS WALK AT INTERSECTION,,A,22106,,1,20TH AV,TARAV,,,A,,,TARAVAL ST,,,D,2025-05-12T09:04:43,2025-05-12T09:04:43,,,2,,,,,,,,118396
2025,4683516,250191994,1,False,3801,2025-04-05T23:30:00,2330,3J4,1227,3801,San Francisco,38,True,True,G,VEHICLE/PEDESTRAIN,,Saturday,,,F,,False,False,False,,B,PEDESTRIAN,,1,0,,,NO UNUSUAL CONDITIONS,,,C,DARK-STREET LIGHTS,,,,,,,D,CROSSING - NOT IN CROSSWALK,,A,21955A,,1,EDDY ST,TENDE,,,A,E,168,TAYLOR ST,F,,A,2025-05-12T08:54:43,2025-05-12T08:54:43,,,2,,,,,,,,118425
2025,4701204,250144874,1,False,3801,2025-03-13T17:46:00,1746,4B2F,1227,3801,San Francisco,38,True,True,,,,Thursday,,,,,False,False,False,,B,PEDESTRIAN,,1,0,,,NO UNUSUAL CONDITIONS,,,B,DUSK-DAWN,,,,,,,E,IN ROAD - INCLUDES SHOULDER,,A,21950B,,1,16TH ST,TRAFF,,,A,N,26,3RD AV,F,,A,2025-05-27T07:38:12,2025-05-27T07:38:12,,,2,,,,,,,,123274
2025,4698695,250193655,1,False,3801,2025-04-06T20:57:00,2057,3C13E,1227,3801,San Francisco,38,True,True,G,VEHICLE/PEDESTRAIN,,Sunday,,,,,False,False,False,,B,PEDESTRIAN,,1,0,CLEAR,,NO UNUSUAL CONDITIONS,,,C,DARK-STREET LIGHTS,,,,,,,D,CROSSING - NOT IN CROSSWALK,,A,21955A,,1,BAYSHORE BL,BAYVI,,,A,S,25,CORTLAND AV,F,,A,2025-05-23T09:07:59,2025-05-23T09:07:59,,,2,,,,,,,,125133
2025,4696871,250208088,2,False,3801,2025-04-14T07:31:00,731,PATROL,1227,3801,San Francisco,38,True,True,G,VEHICLE/PEDESTRAIN,,Monday,,,,,False,False,False,,B,PEDESTRIAN,,1,0,CLEAR,,NO UNUSUAL CONDITIONS - NO UNUSUAL CONDITIONS,,,A,DAYLIGHT,,,,,,,B,CROSSING IN CROSS WALK AT INTERSECTION,,A,21950A,,1,VALENCIA ST,MISSI,,,,S,5,24TH ST,F,,A,2025-05-22T07:01:54,2025-07-17T09:33:59,,,2,,,,,,,,126729
2025,4695945,250238057,2,False,3801,2025-04-29T10:26:00,1026,3A14A,1227,3801,San Francisco,38,True,True,G,VEHICLE/PEDESTRAIN,,Tuesday,,,,,False,False,False,,B,PEDESTRIAN,,1,0,CLEAR,,NO UNUSUAL CONDITIONS - NO UNUSUAL CONDITIONS,,,A,DAYLIGHT,,,,,,,B,CROSSING IN CROSS WALK AT INTERSECTION,,A,21950A,,1,GREEN ST,CENTR,,,A,,,BATTERY ST,,,D,2025-05-21T13:06:53,2025-07-17T09:33:59,,,2,,,,,,,,127529
2025,4693706,250203721,1,False,3801,2025-04-11T12:36:00,1236,,1227,3801,San Francisco,38,True,True,G,VEHICLE/PEDESTRAIN,,Friday,,,,,False,False,False,,B,PEDESTRIAN,,1,0,CLEAR,,NO UNUSUAL CONDITIONS,,,A,DAYLIGHT,,,,,,,B,CROSSING IN CROSS WALK AT INTERSECTION,,A,21950A,,1,LAGUNA ST,NORTH,,,A,,,UNION ST,,,A,2025-05-20T07:56:47,2025-05-20T07:56:47,,,2,,,,,,,,129538
2025,4693609,250202290,1,False,3801,2025-04-10T18:12:00,1812,3A14D,1227,3801,San Francisco,38,True,True,G,VEHICLE/PEDESTRAIN,,Thursday,,,,,False,False,False,,B,PEDESTRIAN,,1,0,CLEAR,,NO UNUSUAL CONDITIONS,,,A,DAYLIGHT,,,,,,,D,CROSSING - NOT IN CROSSWALK,,A,21954,,1,THE EMBARCADERO,CENTR,,,A,S,140,GREEN ST,F,,D,2025-05-20T07:01:46,2025-05-20T07:01:46,,,2,,,,,,,,129632
2025,4693531,250188270,1,False,3801,2025-04-04T01:56:00,156,3G13E,1227,3801,San Francisco,38,True,True,A,HEAD-ON,,Friday,,,F,,False,False,True,,B,PEDESTRIAN,,1,0,CLEAR,,NO UNUSUAL CONDITIONS,,,C,DARK-STREET LIGHTS,,,,,,,E,IN ROAD - INCLUDES SHOULDER,,A,21950,,1,GEARY BL,RICHM,,,A,W,40,3RD AV,F,,D,2025-05-20T06:06:47,2025-05-20T06:06:47,,,2,,,,,,,,129708
2025,4693530,250187266,1,False,3801,2025-04-03T15:31:00,1531,3G12D,1227,3801,San Francisco,38,True,True,G,VEHICLE/PEDESTRAIN,,Thursday,,,,,False,False,False,,B,PEDESTRIAN,,1,0,CLEAR,,NO UNUSUAL CONDITIONS,,,A,DAYLIGHT,,,,,,,B,CROSSING IN CROSS WALK AT INTERSECTION,,A,21950A,,1,BAKER ST,RICHM,,,A,S,4,POST ST,F,,D,2025-05-20T06:06:47,2025-05-20T06:06:47,,,2,,,,,,,,129709
2025,4710324,250177461,1,False,3801,2025-03-29T15:27:00,1527,3J60,1227,3801,San Francisco,38,True,True,G,VEHICLE/PEDESTRAIN,,Saturday,,,,,False,False,False,,B,PEDESTRIAN,,1,0,CLEAR,,,,,A,DAYLIGHT,,,,,,,E,IN ROAD - INCLUDES SHOULDER,,A,22106,,1,ELLIS ST,TENDE,,,A,W,217,MASON ST,F,,D,2025-06-02T16:28:59,2025-06-02T16:28:59,,,2,,,,,,,,135494
2025,4728987,250261280,1,False,3801,2025-05-09T18:26:00,1826,3C15D,1227,3801,San Francisco,38,True,True,G,VEHICLE/PEDESTRAIN,,Friday,,,F,,False,False,False,,B,PEDESTRIAN,,1,0,CLEAR,,NO UNUSUAL CONDITIONS,,,A,DAYLIGHT,,,,,,,B,CROSSING IN CROSS WALK AT INTERSECTION,,A,21950A,,1,WALLACE AV,BAYVI,,,A,E,1,3RD ST,F,,A,2025-06-17T11:10:29,2025-06-17T11:10:29,,,2,,,,,,,,139935
2025,4727394,250260486,1,False,3801,2025-05-09T12:52:00,1252,6D,1227,3801,San Francisco,38,True,True,D,BROADSIDE,,Friday,,,,,False,False,False,,B,PEDESTRIAN,,1,0,CLEAR,,NO UNUSUAL CONDITIONS,,,A,DAYLIGHT,,,,,,,,,,A,21954A,,1,13TH ST,MISSI,,,A,W,15,11TH ST,F,,A,2025-06-16T11:45:23,2025-06-16T11:45:23,,,2,,,,,,,,141268
2025,4727195,250283472,1,False,3801,2025-05-21T07:29:00,729,1,1227,3801,San Francisco,38,True,True,D,BROADSIDE,,Wednesday,,,,,False,False,False,,B,PEDESTRIAN,,1,0,CLEAR,,,,,A,DAYLIGHT,37.764360,-122.458680,,,,,B,CROSSING IN CROSS WALK AT INTERSECTION,,A,22350,,1,IRVING ST,PARK,,,A,,,2ND AV,,,A,2025-06-16T10:20:22,2025-06-16T10:20:22,,,2,,,,,,,,141464
2025,4725085,250292752,1,False,3801,2025-05-25T17:32:00,1732,3G15D,1227,3801,San Francisco,38,True,True,G,VEHICLE/PEDESTRAIN,,Sunday,,,,,False,False,False,,B,PEDESTRIAN,,2,0,CLEAR,,NO UNUSUAL CONDITIONS,,,A,DAYLIGHT,,,,,,,C,CROSSING IN CROSS WALK - NOT AT INTERSECTION,,D,,,,FULTON ST,RICHM,,,A,,,10TH AV,,,A,2025-06-13T12:40:13,2025-06-13T12:40:13,,,2,,,,,,,,143103
2025,4725008,250272237,1,False,3801,2025-05-15T08:20:00,820,4B1C,1227,3801,San Francisco,38,True,True,G,VEHICLE/PEDESTRAIN,,Thursday,,,,,False,False,False,,B,PEDESTRIAN,,2,0,CLEAR,,NO UNUSUAL CONDITIONS,,,A,DAYLIGHT,,,,,,,B,CROSSING IN CROSS WALK AT INTERSECTION,,A,21456A,,1,BAYSHORE BL,TRAFF,,,A,S,3,BLANKEN AV,F,,A,2025-06-13T11:30:13,2025-06-13T11:30:13,,,2,,,,,,,,143180
2025,4724952,250291146,1,False,3801,2025-05-24T18:14:00,1814,4B104,1227,3801,San Francisco,38,True,True,G,VEHICLE/PEDESTRAIN,,Saturday,,,F,,False,False,False,,B,PEDESTRIAN,,1,0,CLEAR,,NO UNUSUAL CONDITIONS,,,A,DAYLIGHT,,,,,,,B,CROSSING IN CROSS WALK AT INTERSECTION,,A,21950A,,1,31ST AV,TRAFF,,,A,S,5,CLEMENT ST,F,,D,2025-06-13T10:45:13,2025-06-13T10:45:13,,,2,,,,,,,,143229
2025,4724754,250235730,1,False,3801,2025-04-28T11:30:00,1130,3E13A,1227,3801,San Francisco,38,True,True,B,SIDE SWIPE,,Monday,,,F,,False,False,False,,B,PEDESTRIAN,,1,0,CLEAR,,NO UNUSUAL CONDITIONS,,,A,DAYLIGHT,,,,,,,E,IN ROAD - INCLUDES SHOULDER,,A,21658A,,1,GOUGH ST,NORTH,,,A,N,77,MCALLISTER ST,F,,A,2025-06-13T08:40:12,2025-06-13T08:40:12,,,2,,,,,,,,143425
2025,4724732,250222812,2,False,3801,2025-04-21T20:46:00,2046,3E12D,1227,3801,San Francisco,38,True,True,G,VEHICLE/PEDESTRAIN,,Monday,,,,,False,False,False,,B,PEDESTRIAN,,0,1,CLEAR,,NO UNUSUAL CONDITIONS - NO UNUSUAL CONDITIONS,,,C,DARK-STREET LIGHTS,,,,,,,B,CROSSING IN CROSS WALK AT INTERSECTION,,A,21950A,,1,FILLMORE ST,NORTH,,,A,S,10,MCALLISTER ST,F,,A,2025-06-13T08:20:12,2025-09-15T10:57:15,,,2,,,,,,,,143447
2025,4721986,250164292,1,False,3801,2025-03-23T14:51:00,1451,,1227,3801,San Francisco,38,True,True,A,HEAD-ON,,Sunday,,,M,,False,False,False,,B,PEDESTRIAN,,1,0,CLEAR,,NO UNUSUAL CONDITIONS,,,A,DAYLIGHT,,,,,,,E,IN ROAD - INCLUDES SHOULDER,,A,22350,,1,8TH ST,TENDE,,,A,S,90,STEVENSON ST,F,,A,2025-06-11T12:50:04,2025-06-11T12:50:04,,,2,,,,,,,,145719
2025,4721330,250185890,1,False,3801,2025-04-03T00:35:00,35,3A11E,1227,3801,San Francisco,38,True,True,G,VEHICLE/PEDESTRAIN,,Thursday,,,,,False,False,False,,B,PEDESTRIAN,,1,0,CLEAR,,NO UNUSUAL CONDITIONS,,,C,DARK-STREET LIGHTS,,,,,,,E,IN ROAD - INCLUDES SHOULDER,,A,21954A,,1,SUTTER ST,CENTR,,,A,E,75,JONES ST,F,,D,2025-06-11T07:45:02,2025-06-11T07:45:02,,,2,,,,,,,,146327
2025,4721320,250239613,1,False,3801,2025-04-29T19:08:00,1908,3115D,1227,3801,San Francisco,38,True,True,G,VEHICLE/PEDESTRAIN,,Tuesday,,,,,False,False,False,,B,PEDESTRIAN,,1,0,CLEAR,,NO UNUSUAL CONDITIONS,,,A,DAYLIGHT,,,,,,,E,IN ROAD - INCLUDES SHOULDER,,A,21954A,,1,FONT BL,TARAV,,,A,S,160,HOLLOWAY AV,F,,D,2025-06-11T07:40:02,2025-06-11T07:40:02,,,2,,,,,,,,146337
2025,4721317,250241947,1,False,3801,2025-04-30T20:30:00,2030,3C12E,1227,3801,San Francisco,38,True,True,G,VEHICLE/PEDESTRAIN,,Wednesday,,,,,False,False,False,,B,PEDESTRIAN,,1,0,CLEAR,,NO UNUSUAL CONDITIONS,,,C,DARK-STREET LIGHTS,,,,,,,D,CROSSING - NOT IN CROSSWALK,,A,21954A,,1,FELTON ST,BAYVI,,,A,E,130,BOWDOIN ST,F,,D,2025-06-11T07:40:02,2025-06-11T07:40:02,,,2,,,,,,,,146339
2025,4720378,250202535,1,False,3801,2025-04-10T20:00:00,2000,3H15D,1227,3801,San Francisco,38,True,True,G,VEHICLE/PEDESTRAIN,,Thursday,,,,,False,False,False,,B,PEDESTRIAN,,1,0,CLEAR,,NO UNUSUAL CONDITIONS,,,B,DUSK-DAWN,,,,,,,B,CROSSING IN CROSS WALK AT INTERSECTION,,A,21950A,,1,MISSION ST,INGLE,,,,,,MOUNT VERNON AV,,,A,2025-06-10T13:19:59,2025-06-10T13:19:59,,,2,,,,,,,,147046
2025,4720347,250236039,1,False,3801,2025-04-28T13:03:00,1303,4B2H,1227,3801,San Francisco,38,True,True,G,VEHICLE/PEDESTRAIN,,Monday,,,,,False,False,False,,B,PEDESTRIAN,,1,0,CLEAR,,NO UNUSUAL CONDITIONS,,,A,DAYLIGHT,,,,,,,B,CROSSING IN CROSS WALK AT INTERSECTION,,A,21950A,,1,MISSION ST,TRAFF,,,A,N,13,SENECA AV,F,,A,2025-06-10T13:09:59,2025-06-10T13:09:59,,,2,,,,,,,,147077
2025,4720049,250258425,1,False,3801,2025-05-08T15:15:00,1515,1-CAR,1227,3801,San Francisco,38,True,True,B,SIDE SWIPE,,Thursday,,,,,False,True,True,,E,PARKED MOTOR VEHICLE,,1,0,CLEAR,,NO UNUSUAL CONDITIONS,,,A,DAYLIGHT,,,,,,,,,,A,22350,,1,19TH AV,TARAV,,,A,S,230,QUINTARA ST,F,,D,2025-06-10T10:59:58,2025-06-10T10:59:58,,,2,,,,,,,,147349
2025,4719941,250192613,1,False,3801,2025-04-06T09:09:00,909,908,1227,3801,San Francisco,38,True,True,G,VEHICLE/PEDESTRAIN,,Sunday,,,,,False,False,False,,,,,1,0,CLEAR,,NO UNUSUAL CONDITIONS,,,A,DAYLIGHT,,,,,,,B,CROSSING IN CROSS WALK AT INTERSECTION,,A,21950,,,CLEMENT ST,RICHM,,,A,S,17,18TH AV,F,,D,2025-06-10T10:04:58,2025-06-10T10:04:58,,,2,,,,,,,,147446
2025,4718659,250188361,1,False,3801,2025-04-04T04:39:00,439,2100-0,1227,3801,San Francisco,38,True,True,G,VEHICLE/PEDESTRAIN,,Friday,,,,,False,False,False,,B,PEDESTRIAN,,1,0,CLEAR,,NO UNUSUAL CONDITIONS,,,C,DARK-STREET LIGHTS,,,,,,,B,CROSSING IN CROSS WALK AT INTERSECTION,,A,21950A,,1,LEAVENWORTH ST,TENDE,,,A,,,EDDY ST,,,A,2025-06-09T13:34:24,2025-06-09T13:34:24,,,2,,,,,,,,148469
2025,4718583,250213560,1,False,3801,2025-04-17T00:50:00,50,3D11E,1227,3801,San Francisco,38,True,True,D,BROADSIDE,,Thursday,,,,,False,False,False,,B,PEDESTRIAN,,1,0,CLEAR,,NO UNUSUAL CONDITIONS,,,C,DARK-STREET LIGHTS,,,,,,,D,CROSSING - NOT IN CROSSWALK,,A,21954A,,1,VALENCIA ST,MISSI,,,A,,,VALENCIA ST 501,,,A,2025-06-09T12:49:24,2025-06-09T12:49:24,,,2,,,,,,,,148544
2025,4718557,250225775,1,False,3801,2025-04-23T08:00:00,800,3C4A,1227,3801,San Francisco,38,True,True,G,VEHICLE/PEDESTRAIN,,Wednesday,,,F,,False,False,False,,B,PEDESTRIAN,,1,0,CLOUDY,,NO UNUSUAL CONDITIONS,,,A,DAYLIGHT,,,,,,,B,CROSSING IN CROSS WALK AT INTERSECTION,,A,22450,,1,GIRARD ST,BAYVI,,,A,,,BACON ST,,,A,2025-06-09T12:39:24,2025-06-09T12:39:24,,,2,,,,,,,,148569
2025,4718547,250229595,1,False,3801,2025-04-24T20:29:00,2029,1,1227,3801,San Francisco,38,True,True,C,REAR END,,Thursday,,,,,False,False,False,,B,PEDESTRIAN,,1,0,CLEAR,,NO UNUSUAL CONDITIONS,,,C,DARK-STREET LIGHTS,,,,,,,B,CROSSING IN CROSS WALK AT INTERSECTION,,A,22106,,1,16TH ST,MISSI,,,A,,,VALENCIA ST,,,A,2025-06-09T12:34:23,2025-06-09T12:34:23,,,2,,,,,,,,148579
2025,4718531,250238477,1,False,3801,2025-04-29T12:43:00,1243,3B49,1227,3801,San Francisco,38,True,True,G,VEHICLE/PEDESTRAIN,,Tuesday,,,,,False,False,False,,B,PEDESTRIAN,,1,0,CLEAR,,CONSTRUCTION-REPAIR ZONE,,,A,DAYLIGHT,,,,,,,D,CROSSING - NOT IN CROSSWALK,,A,21955A,,1,8TH ST,SOUTH,,,,N,50,BRANNAN ST,F,,A,2025-06-09T12:29:24,2025-06-09T12:29:24,,,2,,,,,,,,148593
2025,4718517,250241129,1,False,3801,2025-04-30T15:09:00,1509,4B3D,1227,3801,San Francisco,38,True,True,G,VEHICLE/PEDESTRAIN,,Wednesday,,,,,False,False,False,,B,PEDESTRIAN,,1,0,CLEAR,,NO UNUSUAL CONDITIONS,,,A,DAYLIGHT,,,,,,,B,CROSSING IN CROSS WALK AT INTERSECTION,,A,21950A,,1,POWELL ST,TRAFF,,,A,S,5,PACIFIC AV,F,,A,2025-06-09T12:19:24,2025-06-09T12:19:24,,,2,,,,,,,,148605
2025,4717795,250048464,1,False,3801,2025-01-25T06:11:00,611,3B12A,1227,3801,San Francisco,38,True,True,G,VEHICLE/PEDESTRAIN,,Saturday,,,,,False,False,False,,B,PEDESTRIAN,,1,0,CLEAR,,NO UNUSUAL CONDITIONS,,,C,DARK-STREET LIGHTS,,,,,,,B,CROSSING IN CROSS WALK AT INTERSECTION,,A,21456A,,1,3RD ST,SOUTH,,,A,,,HOWARD ST,,,A,2025-06-09T06:49:22,2025-06-09T06:49:22,,,2,,,,,,,,149290
2025,4739490,250269927,1,False,3801,2025-05-14T08:48:00,848,,1227,3801,San Francisco,38,True,True,H,OTHER,,Wednesday,,,,,False,False,False,,,,,2,0,CLEAR,,NO UNUSUAL CONDITIONS,,,A,DAYLIGHT,,,,,,,E,IN ROAD - INCLUDES SHOULDER,,A,21954A,,1,FOLSOM ST,SOUTH,,,A,E,11,4TH ST,F,,A,2025-06-25T12:46:31,2025-06-25T12:46:31,,,2,,,,,,,,151115
2025,4739487,250254097,1,False,3801,2025-05-06T18:20:00,1820,3E,1227,3801,San Francisco,38,True,True,D,BROADSIDE,,Tuesday,,,,,False,False,False,,B,PEDESTRIAN,,1,0,CLEAR,,NO UNUSUAL CONDITIONS,,,A,DAYLIGHT,,,,,,,B,CROSSING IN CROSS WALK AT INTERSECTION,,A,21453,,,TURK BL,NORTH,,,A,E,1,LAGUNA ST,F,,A,2025-06-25T12:46:31,2025-06-25T12:46:31,,,2,,,,,,,,151118