source_year,Collision Id,Report Number,Report Version,Is Preliminary,NCIC Code,Crash Date Time,Crash Time Description,Beat,City Id,City Code,City Name,County Code,City Is Active,City Is Incorporated,Collision Type Code,Collision Type Description,Collision Type Other Desc,Day Of Week,DispatchNotified,HasPhotographs,HitRun,IsAttachmentsMailed,IsDeleted,IsHighwayRelated,IsTowAway,JudicialDistrict,MotorVehicleInvolvedWithCode,MotorVehicleInvolvedWithDesc,MotorVehicleInvolvedWithOtherDesc,NumberInjured,NumberKilled,Weather 1,Weather 2,Road Condition 1,Road Condition 2,Special Condition,LightingCode,LightingDescription,Latitude,Longitude,MilepostDirection,MilepostDistance,MilepostMarker,MilepostUnitOfMeasure,PedestrianActionCode,PedestrianActionDesc,PreparedDate,Primary Collision Factor Code,Primary Collision Factor Violation,PrimaryCollisionFactorIsCited,PrimaryCollisionPartyNumber,PrimaryRoad,ReportingDistrict,ReportingDistrictCode,ReviewedDate,RoadwaySurfaceCode,SecondaryDirection,SecondaryDistance,SecondaryRoad,SecondaryUnitOfMeasure,SketchDesc,TrafficControlDeviceCode,CreatedDate,ModifiedDate,IsCountyRoad,IsFreeway,CHP555Version,IsAdditonalObjectStruck,NotificationDate,NotificationTimeDescription,HasDigitalMediaFiles,EvidenceNumber,IsLocationReferToNarrative,IsAOIOneSameAsLocation,_id
2025,4775741,250-321-226,1,False,3801,2025-06-09T08:44:00,844,3J11A,1227,3801,San Francisco,38,True,True,B,SIDE SWIPE,,Monday,,,,,False,False,False,,B,PEDESTRIAN,,1,0,CLOUDY,,,,,A,DAYLIGHT,,,,,,,B,CROSSING IN CROSS WALK AT INTERSECTION,,A,21453D,,1,MARKET ST,TENDE,,,A,,,JONES ST,,,A,2025-07-24T10:50:02,2025-07-24T10:50:02,,,2,,,,,,,,183181
2025,4772383,250303729,1,False,3801,2025-05-30T19:00:00,1900,3A15D,1227,3801,San Francisco,38,True,True,G,VEHICLE/PEDESTRAIN,,Friday,,,,,False,False,False,,B,PEDESTRIAN,,1,0,CLEAR,,NO UNUSUAL CONDITIONS,,,A,DAYLIGHT,,,,,,,E,IN ROAD - INCLUDES SHOULDER,,A,21954A,,1,STOCKTON ST,CENTR,,,A,N,50,JACKSON ST,F,,D,2025-07-22T09:54:12,2025-07-22T09:54:12,,,2,,,,,,,,185917
2025,4770529,250344905,1,False,3801,2025-06-21T15:30:00,1530,3A14D,1227,3801,San Francisco,38,True,True,G,VEHICLE/PEDESTRAIN,,Saturday,,,,,False,False,False,,B,PEDESTRIAN,,1,0,CLEAR,,NO UNUSUAL CONDITIONS,,,A,DAYLIGHT,,,,,,,B,CROSSING IN CROSS WALK AT INTERSECTION,,A,22411,,1,BAY ST,CENTR,,,A,,,STOCKTON ST,,,A,2025-07-21T10:49:07,2025-07-21T10:49:07,,,2,,,,,,,,187399
2025,4767939,250349955,1,False,3801,2025-06-24T13:55:00,1355,D4,1227,3801,San Francisco,38,True,True,B,SIDE SWIPE,,Tuesday,,,F,,False,False,False,,B,PEDESTRIAN,,1,0,CLOUDY,,NO UNUSUAL CONDITIONS,,,A,DAYLIGHT,,,,,,,B,CROSSING IN CROSS WALK AT INTERSECTION,,A,21453A,,1,POTRERO AV,MISSI,,,A,,,25TH ST,,,A,2025-07-18T08:42:10,2025-07-18T08:42:10,,,2,,,,,,,,189117
2025,4767938,250337574,1,False,3801,2025-06-17T17:10:00,1710,3C11D,1227,3801,San Francisco,38,True,True,G,VEHICLE/PEDESTRAIN,,Tuesday,,,F,,False,False,False,,B,PEDESTRIAN,,1,0,CLEAR,,NO UNUSUAL CONDITIONS,,,A,DAYLIGHT,,,,,,,F,NOT IN ROAD,,A,21663,,1,CONNECTICUT ST,BAYVI,,,A,S,175,25TH ST,F,,D,2025-07-18T08:42:10,2025-07-18T08:42:10,,,2,,,,,,,,189118
2025,4767884,250337621,1,False,3801,2025-06-17T17:50:00,1750,3C60,1227,3801,San Francisco,38,True,True,G,VEHICLE/PEDESTRAIN,,Tuesday,,,F,,False,False,False,,B,PEDESTRIAN,,1,0,CLEAR,,NO UNUSUAL CONDITIONS,,,A,DAYLIGHT,,,,,,,B,CROSSING IN CROSS WALK AT INTERSECTION,,A,21950A,,1,QUESADA AV,BAYVI,,,A,,,KEITH,,,D,2025-07-18T08:17:10,2025-07-18T08:17:10,,,2,,,,,,,,189170
2025,4767846,250327020,1,False,3801,2025-06-12T05:01:00,501,3B13E,1227,3801,San Francisco,38,True,True,G,VEHICLE/PEDESTRAIN,,Thursday,,,,,False,False,False,,B,PEDESTRIAN,,1,0,CLEAR,,NO UNUSUAL CONDITIONS,,,C,DARK-STREET LIGHTS,,,,,,,B,CROSSING IN CROSS WALK AT INTERSECTION,,A,22106,,1,HOWARD ST,SOUTH,,,A,,,HARRIET ST,,,D,2025-07-18T07:57:10,2025-07-18T07:57:10,,,2,,,,,,,,189207
2025,4767815,250335249,1,False,3801,2025-06-16T16:18:00,1618,2C,1227,3801,San Francisco,38,True,True,B,SIDE SWIPE,,Monday,,,F,,False,False,True,,B,PEDESTRIAN,,4,0,CLEAR,,NO UNUSUAL CONDITIONS,,,A,DAYLIGHT,,,,,,,D,CROSSING - NOT IN CROSSWALK,,A,22107,,1,BAYSHORE BL,BAYVI,,,A,S,502,JERROLD AV,F,,D,2025-07-18T07:42:09,2025-07-18T07:42:09,,,2,,,,,,,,189238
2025,4767033,250328200,1,False,3801,2025-06-12T15:53:00,1553,E6,1227,3801,San Francisco,38,True,True,G,VEHICLE/PEDESTRAIN,,Thursday,,,,,False,False,False,,B,PEDESTRIAN,,1,0,CLEAR,,NO UNUSUAL CONDITIONS,,,A,DAYLIGHT,,,,,,,B,CROSSING IN CROSS WALK AT INTERSECTION,,A,21950,,1,VAN NESS AV,NORTH,,,A,,,CHESTNUT ST,,,A,2025-07-17T14:12:07,2025-07-17T14:12:07,,,2,,,,,,,,189755
2025,4767012,250336156,1,False,3801,2025-06-17T07:12:00,712,3C13A,1227,3801,San Francisco,38,True,True,G,VEHICLE/PEDESTRAIN,,Tuesday,,,,,False,False,False,,B,PEDESTRIAN,,1,0,CLEAR,,NO UNUSUAL CONDITIONS,,,B,DUSK-DAWN,,,,,,,B,CROSSING IN CROSS WALK AT INTERSECTION,,A,21950A,,1,MENDELL ST,BAYVI,,,A,,,LA SALLE AV,,,D,2025-07-17T14:02:07,2025-07-17T14:02:07,,,2,,,,,,,,189774
2025,4788057,250325228,1,False,3801,2025-06-11T11:03:00,1103,3J14A,1227,3801,San Francisco,38,True,True,G,VEHICLE/PEDESTRAIN,,Wednesday,,,F,,False,False,False,,B,PEDESTRIAN,,1,0,CLEAR,,NO UNUSUAL CONDITIONS,,,A,DAYLIGHT,,,,,,,F,NOT IN ROAD,,A,20001A,,1,EDDY ST,TENDE,,,B,,,MASON ST,,,A,2025-08-04T07:56:14,2025-08-04T07:56:14,,,2,,,,,,,,193685
2025,4781374,250355673,1,False,3801,2025-06-26T22:51:00,2251,901,1227,3801,San Francisco,38,True,True,G,VEHICLE/PEDESTRAIN,,Thursday,,,F,,False,False,False,,B,PEDESTRIAN,,1,0,CLEAR,,NO UNUSUAL CONDITIONS,,,C,DARK-STREET LIGHTS,,,,,,,,,,A,21950A,,1,SLOAT BL,TARAV,,,A,,,4TH AV,,,A,2025-07-29T12:20:18,2025-07-29T12:20:18,,,2,,,,,,,,198766
2025,4781364,250355043,1,False,3801,2025-06-26T16:47:00,1647,3I15E,1227,3801,San Francisco,38,True,True,G,VEHICLE/PEDESTRAIN,,Thursday,,,,,False,False,False,,B,PEDESTRIAN,,1,0,CLEAR,,NO UNUSUAL CONDITIONS,,,A,DAYLIGHT,,,,,,,B,CROSSING IN CROSS WALK AT INTERSECTION,,A,21950A,,1,19TH AV,TARAV,,,A,,,WINSTON DR,,,A,2025-07-29T12:15:18,2025-07-29T12:15:18,,,2,,,,,,,,198776
2025,4781236,250310677,1,False,3801,2025-06-03T17:58:00,1758,3801,1227,3801,San Francisco,38,True,True,G,VEHICLE/PEDESTRAIN,,Tuesday,,,,,False,False,True,,B,PEDESTRIAN,,2,0,CLEAR,,OTHER*,,,A,DAYLIGHT,,,,,,,B,CROSSING IN CROSS WALK AT INTERSECTION,,A,21456A,,1,KING ST,SOUTH,,,A,,,3RD ST,,,A,2025-07-29T11:10:17,2025-07-29T11:10:17,,,2,,,,,,,,198889
2025,4781199,250309460,1,False,3801,2025-06-03T08:40:00,840,3D11A,1227,3801,San Francisco,38,True,True,G,VEHICLE/PEDESTRAIN,,Tuesday,,,,,False,False,False,,B,PEDESTRIAN,,1,0,CLEAR,,NO UNUSUAL CONDITIONS,,,A,DAYLIGHT,,,,,,,B,CROSSING IN CROSS WALK AT INTERSECTION,,A,21453B,,1,GUERRERO ST,MISSI,,,A,,,15TH ST,,,A,2025-07-29T10:50:17,2025-07-29T10:50:17,,,2,,,,,,,,198922
2025,4781189,250342896,1,False,3801,2025-06-20T11:28:00,1128,3B14A,1227,3801,San Francisco,38,True,True,A,HEAD-ON,,Friday,,,,,False,False,False,,B,PEDESTRIAN,,1,0,CLEAR,,NO UNUSUAL CONDITIONS,,,A,DAYLIGHT,,,,,,,,,,A,21950A,,1,MISSION ST,SOUTH,,,A,,,NEW MONTGOMERY ST,,,A,2025-07-29T10:45:17,2025-07-29T10:45:17,,,2,,,,,,,,198931
2025,4802897,250357942,1,False,3801,2025-06-28T01:58:00,158,3H15E,1227,3801,San Francisco,38,True,True,G,VEHICLE/PEDESTRAIN,,Saturday,,,,,False,False,False,,B,PEDESTRIAN,,1,0,CLEAR,,NO UNUSUAL CONDITIONS,,,C,DARK-STREET LIGHTS,,,,,,,B,CROSSING IN CROSS WALK AT INTERSECTION,,A,21950C,,1,MISSION ST,INGLE,,,A,,,NAGLEE AV,,,A,2025-08-14T10:42:35,2025-08-14T10:42:35,,,2,,,,,,,,201759
2025,4802606,250281868,1,False,3801,2025-05-20T10:13:00,1013,3CAR,1227,3801,San Francisco,38,True,True,G,VEHICLE/PEDESTRAIN,,Tuesday,,,,,False,False,False,,B,PEDESTRIAN,,1,0,CLEAR,,NO UNUSUAL CONDITIONS,,,A,DAYLIGHT,,,,,,,B,CROSSING IN CROSS WALK AT INTERSECTION,,A,21950A,,1,HYDE ST,CENTR,,,A,,,PACIFIC AV,,,A,2025-08-14T08:42:33,2025-08-14T08:42:33,,,2,,,,,,,,202038
2025,4801147,250390425,1,False,3801,2025-07-15T08:05:00,805,G3,1227,3801,San Francisco,38,True,True,G,VEHICLE/PEDESTRAIN,,Tuesday,,,,,False,True,False,,B,PEDESTRIAN,,1,0,OTHER,,NO UNUSUAL CONDITIONS,,,A,DAYLIGHT,,,,,,,B,CROSSING IN CROSS WALK AT INTERSECTION,,A,21950A,,1,PARK PRESIDIO BL,RICHM,,,B,,,CLEMENT ST,,,A,2025-08-13T10:47:28,2025-08-13T10:47:28,,,2,,,,,,,,203049
2025,4799868,250262517,1,False,3801,2025-05-10T13:31:00,1331,3B2A,1227,3801,San Francisco,38,True,True,G,VEHICLE/PEDESTRAIN,,Saturday,,,F,,False,False,False,,C,OTHER MOTOR VEHICLE,,1,0,CLEAR,,NO UNUSUAL CONDITIONS,,,A,DAYLIGHT,,,,,,,B,CROSSING IN CROSS WALK AT INTERSECTION,,A,21950A,,1,5TH ST,SOUTH,,,A,N,15,FOLSOM ST,F,,A,2025-08-12T14:52:24,2025-08-12T14:52:24,,,2,,,,,,,,204069
2025,4797590,250385537,1,False,3801,2025-07-12T21:42:00,2142,3D11E,1227,3801,San Francisco,38,True,True,G,VEHICLE/PEDESTRAIN,,Saturday,,,,,False,False,False,,B,PEDESTRIAN,,1,0,CLEAR,,NO UNUSUAL CONDITIONS,,,A,DAYLIGHT,,,,,,,B,CROSSING IN CROSS WALK AT INTERSECTION,,A,21950A,,1,GUERRERO ST,MISSI,,,A,N,1,15TH ST,F,,A,2025-08-11T11:51:46,2025-08-11T11:51:46,,,2,,,,,,,,206037
2025,4797528,250387541,1,False,3801,2025-07-14T14:40:00,1440,3G14A,1227,3801,San Francisco,38,True,True,G,VEHICLE/PEDESTRAIN,,Monday,,,,,False,False,False,,B,PEDESTRIAN,,1,0,CLOUDY,,NO UNUSUAL CONDITIONS,,,A,DAYLIGHT,,,,,,,B,CROSSING IN CROSS WALK AT INTERSECTION,,A,21950A,,1,CLEMENT ST,RICHM,,,A,,,19TH AV,,,D,2025-08-11T11:16:46,2025-08-11T11:16:46,,,2,,,,,,,,206097
2025,4797452,250381139,1,False,3801,2025-07-10T09:15:00,915,3H12A,1227,3801,San Francisco,38,True,True,A,HEAD-ON,,Thursday,,,,,False,False,False,,B,PEDESTRIAN,,1,0,CLEAR,,NO UNUSUAL CONDITIONS,,,A,DAYLIGHT,,,,,,,B,CROSSING IN CROSS WALK AT INTERSECTION,,A,21950A,,1,BOSWORTH ST,INGLE,,,A,,,LIPPARD ST,,,A,2025-08-11T10:46:45,2025-08-11T10:46:45,,,2,,,,,,,,206163
2025,4797451,250373380,1,False,3801,2025-07-06T10:09:00,1009,D6,1227,3801,San Francisco,38,True,True,G,VEHICLE/PEDESTRAIN,,Sunday,,,,,False,False,False,,B,PEDESTRIAN,,1,0,CLEAR,,NO UNUSUAL CONDITIONS,,,A,DAYLIGHT,,,,,,,D,CROSSING - NOT IN CROSSWALK,,D,,,,POTRERO AV,MISSI,,,A,N,40,16TH ST,F,,D,2025-08-11T10:46:45,2025-08-11T10:46:45,,,2,,,,,,,,206164
2025,4795531,250394267,1,False,3801,2025-07-16T21:26:00,2126,B4,1227,3801,San Francisco,38,True,True,G,VEHICLE/PEDESTRAIN,,Wednesday,,,F,,False,False,False,,B,PEDESTRIAN,,1,0,CLEAR,,NO UNUSUAL CONDITIONS,,,C,DARK-STREET LIGHTS,,,,,,,B,CROSSING IN CROSS WALK AT INTERSECTION,,A,21950A,,1,9TH ST,SOUTH,,,A,,,HOWARD ST,,,A,2025-08-08T14:41:36,2025-08-08T14:41:36,,,2,,,,,,,,207431
2025,4795406,250380410,1,False,3801,2025-07-09T21:10:00,2110,3B60,1227,3801,San Francisco,38,True,True,G,VEHICLE/PEDESTRAIN,,Wednesday,,,,,False,False,False,,B,PEDESTRIAN,,1,0,CLEAR,,NO UNUSUAL CONDITIONS,,,C,DARK-STREET LIGHTS,,,,,,,D,CROSSING - NOT IN CROSSWALK,,A,,,1,DUBOCE AV,SOUTH,,,A,,,GUERERRO ST,,,A,2025-08-08T13:16:35,2025-08-08T13:16:35,,,2,,,,,,,,207556
2025,4795337,250398673,1,False,3801,2025-07-17T11:35:00,1135,3D14E,1227,3801,San Francisco,38,True,True,D,BROADSIDE,,Thursday,,,M,,False,False,False,,B,PEDESTRIAN,,1,0,CLEAR,,NO UNUSUAL CONDITIONS,,,A,DAYLIGHT,,,,,,,B,CROSSING IN CROSS WALK AT INTERSECTION,,A,21950A,,1,BUCHANAN ST,NORTH,,,A,,,UNION ST,,,A,2025-08-08T12:36:35,2025-08-08T12:36:35,,,2,,,,,,,,207625
2025,4795275,250365387,1,False,3801,2025-07-02T06:50:00,650,3C60,1227,3801,San Francisco,38,True,True,G,VEHICLE/PEDESTRAIN,,Wednesday,,,F,,False,False,False,,B,PEDESTRIAN,,1,0,CLEAR,,NO UNUSUAL CONDITIONS,,,A,DAYLIGHT,,,,,,,B,CROSSING IN CROSS WALK AT INTERSECTION,,A,20001,,1,SAN BRUNO AV,BAYVI,,,A,S,5,BACON ST,F,,A,2025-08-08T11:56:35,2025-08-08T11:56:35,,,2,,,,,,,,207687
2025,4795182,250403523,1,False,3801,2025-07-21T22:56:00,2256,3E13E,1227,3801,San Francisco,38,True,True,H,OTHER,,Monday,,,,,False,False,False,,B,PEDESTRIAN,,3,0,CLEAR,,NO UNUSUAL CONDITIONS,,,C,DARK-STREET LIGHTS,,,,,,,B,CROSSING IN CROSS WALK AT INTERSECTION,,A,21453D,,1,FELL ST,NORTH,,,A,,,DIVISADERO ST,,,A,2025-08-08T10:51:35,2025-08-08T10:51:35,,,2,,,,,,,,207779
2025,4795131,250411372,1,False,3801,2025-07-25T17:08:00,1708,3I16D,1227,3801,San Francisco,38,True,True,G,VEHICLE/PEDESTRAIN,,Friday,,,,,False,False,False,,B,PEDESTRIAN,,1,0,CLEAR,,NO UNUSUAL CONDITIONS,,,A,DAYLIGHT,,,,,,,C,CROSSING IN CROSS WALK - NOT AT INTERSECTION,,A,21950A,,1,IRVING ST,TARAV,,,A,E,4,22ND ST,F,,A,2025-08-08T10:21:35,2025-08-08T10:21:35,,,2,,,,,,,,207828
2025,4795118,250419194,1,False,3801,2025-07-29T19:03:00,1903,3C13D,1227,3801,San Francisco,38,True,True,G,VEHICLE/PEDESTRAIN,,Tuesday,,,,,False,False,False,,B,PEDESTRIAN,,1,0,CLEAR,,NO UNUSUAL CONDITIONS,,,A,DAYLIGHT,,,,,,,B,CROSSING IN CROSS WALK AT INTERSECTION,,A,21950A,,1,SILVER AVE,BAYVI,,,A,W,6,MERRILL ST,F,,A,2025-08-08T10:11:35,2025-08-08T10:11:35,,,2,,,,,,,,207841
2025,4795096,250403448,1,False,3801,2025-07-21T21:25:00,2125,3D14E,1227,3801,San Francisco,38,True,True,G,VEHICLE/PEDESTRAIN,,Monday,,,,,False,False,False,,B,PEDESTRIAN,,1,0,CLEAR,,NO UNUSUAL CONDITIONS,,,C,DARK-STREET LIGHTS,,,,,,,B,CROSSING IN CROSS WALK AT INTERSECTION,,A,22450A,,1,FOLSOM ST,MISSI,,,A,,,26TH ST,,,D,2025-08-08T09:56:35,2025-08-08T09:56:35,,,2,,,,,,,,207861
2025,4795012,250402951,1,False,3801,2025-07-21T15:33:00,1533,3A14D,1227,3801,San Francisco,38,True,True,G,VEHICLE/PEDESTRAIN,,Monday,,,,,False,False,False,,B,PEDESTRIAN,,1,0,CLEAR,,NO UNUSUAL CONDITIONS,,,A,DAYLIGHT,,,,,,,D,CROSSING - NOT IN CROSSWALK,,A,21955A,,1,BROADWAY,CENTR,,,A,E,85,COLUMBUS AV,F,,A,2025-08-08T09:01:34,2025-08-08T09:01:34,,,2,,,,,,,,207939
2025,4794979,250406395,1,False,3801,2025-07-23T12:27:00,1227,A5,1227,3801,San Francisco,38,True,True,D,BROADSIDE,,Wednesday,,,,,False,False,False,,B,PEDESTRIAN,,1,0,CLEAR,,NO UNUSUAL CONDITIONS,,,A,DAYLIGHT,,,,,,,B,CROSSING IN CROSS WALK AT INTERSECTION,,A,21453D,,1,MARKET ST,CENTR,,,A,,,3RD ST,,,A,2025-08-08T08:51:34,2025-08-08T08:51:34,,,2,,,,,,,,207969
2025,4794963,250406721,1,False,3801,2025-07-23T15:20:00,1520,5,1227,3801,San Francisco,38,True,True,G,VEHICLE/PEDESTRAIN,,Wednesday,,,,,False,False,False,,B,PEDESTRIAN,,1,0,CLEAR,,NO UNUSUAL CONDITIONS,,,A,DAYLIGHT,,,,,,,E,IN ROAD - INCLUDES SHOULDER,,A,21952,,1,MARINA BL,NORTH,,,A,W,165,LAGUNA ST,F,,D,2025-08-08T08:46:33,2025-08-08T08:46:33,,,2,,,,,,,,207985
2025,4794954,250407230,1,False,3801,2025-07-18T19:15:00,1915,3E00,1227,3801,San Francisco,38,True,True,G,VEHICLE/PEDESTRAIN,,Friday,,,,,False,False,False,,B,PEDESTRIAN,,1,0,CLEAR,,NO UNUSUAL CONDITIONS,,,A,DAYLIGHT,,,,,,,E,IN ROAD - INCLUDES SHOULDER,,A,22106,,1,POLK ST,NORTH,,,A,S,100,HAYES ST,F,,D,2025-08-08T08:41:33,2025-08-08T08:41:33,,,2,,,,,,,,207994
2025,4794166,250166812,1,False,3801,2025-03-24T18:23:00,1823,4CAR,1227,3801,San Francisco,38,True,True,G,VEHICLE/PEDESTRAIN,,Monday,,,,,False,False,False,,B,PEDESTRIAN,,1,0,CLEAR,,NO UNUSUAL CONDITIONS,,,A,DAYLIGHT,,,,,,,B,CROSSING IN CROSS WALK AT INTERSECTION,,A,21950A,,1,FREDERICK ST,PARK,,,A,,,ASHBURY ST,,,D,2025-08-07T17:11:31,2025-08-07T17:11:31,,,2,,,,,,,,208546
2025,4794076,250363739,1,False,3801,2025-07-01T11:10:00,1110,3J11A,1227,3801,San Francisco,38,True,True,G,VEHICLE/PEDESTRAIN,,Tuesday,,,,,False,False,False,,B,PEDESTRIAN,,1,0,CLEAR,,NO UNUSUAL CONDITIONS,,,A,DAYLIGHT,,,,,,,B,CROSSING IN CROSS WALK AT INTERSECTION,,A,21950A,,1,EDDY ST,TENDE,,,A,,,LEAVENWORTH ST,,,A,2025-08-07T15:21:31,2025-08-07T15:21:31,,,2,,,,,,,,208634
2025,4794071,250366040,1,False,3801,2025-07-02T11:56:00,1156,4,1227,3801,San Francisco,38,True,True,G,VEHICLE/PEDESTRAIN,,Wednesday,,,,,False,False,False,,B,PEDESTRIAN,,1,0,CLEAR,,NO UNUSUAL CONDITIONS,,,A,DAYLIGHT,,,,,,,E,IN ROAD - INCLUDES SHOULDER,,A,21954A,,1,LEAVENWORTH ST,TENDE,,,,S,60,ELLIS ST,F,,D,2025-08-07T15:11:31,2025-08-07T15:11:31,,,2,,,,,,,,208639
2025,4794004,250370966,1,False,3801,2025-07-04T21:38:00,2138,3C15E,1227,3801,San Francisco,38,True,True,G,VEHICLE/PEDESTRAIN,,Friday,,,,,False,False,False,,B,PEDESTRIAN,,1,0,CLEAR,,NO UNUSUAL CONDITIONS,,,C,DARK-STREET LIGHTS,,,,,,,E,IN ROAD - INCLUDES SHOULDER,,A,21954A,,1,OAKDALE AV,BAYVI,,,A,W,216,3RD AV,F,,D,2025-08-07T14:31:31,2025-08-07T14:31:31,,,2,,,,,,,,208706
2025,4793955,250365622,1,False,3801,2025-07-02T09:20:00,920,3E50B,1227,3801,San Francisco,38,True,True,H,OTHER,,Wednesday,,,,,False,False,False,,,,,1,0,CLEAR,,NO UNUSUAL CONDITIONS,,,A,DAYLIGHT,,,,,,,C,CROSSING IN CROSS WALK - NOT AT INTERSECTION,,A,21453,,1,POLK ST,NORTH,,,A,N,295,GROVE ST,F,,A,2025-08-07T14:06:31,2025-08-07T14:06:31,,,2,,,,,,,,208755
2025,4793953,250358542,1,False,3801,2025-06-28T11:51:00,1151,3E13A,1227,3801,San Francisco,38,True,True,G,VEHICLE/PEDESTRAIN,,Saturday,,,F,,False,False,False,,B,PEDESTRIAN,,1,0,CLEAR,,NO UNUSUAL CONDITIONS,,,A,DAYLIGHT,,,,,,,B,CROSSING IN CROSS WALK AT INTERSECTION,,A,21453A,,1,POLK ST,NORTH,,,A,,,POST ST,,,A,2025-08-07T14:06:31,2025-08-07T14:06:31,,,2,,,,,,,,208757
2025,4793898,250353229,1,False,3801,2025-06-25T19:21:00,1921,3B12D,1227,3801,San Francisco,38,True,True,G,VEHICLE/PEDESTRAIN,,Wednesday,,,F,,False,False,False,,C,OTHER MOTOR VEHICLE,,1,0,,,NO UNUSUAL CONDITIONS,,,B,DUSK-DAWN,,,,,,,E,IN ROAD - INCLUDES SHOULDER,,A,22106,,1,RITCH ST,SOUTH,,,A,S,135,BRANNAN ST,F,,D,2025-08-07T13:41:30,2025-08-07T13:41:30,,,2,,,,,,,,208812
2025,4793885,250349347,1,False,3801,2025-06-24T08:59:00,859,3E1A,1227,3801,San Francisco,38,True,True,G,VEHICLE/PEDESTRAIN,,Tuesday,,,,,False,False,False,,B,PEDESTRIAN,,1,0,CLOUDY,,NO UNUSUAL CONDITIONS,,,A,DAYLIGHT,,,,,,,D,CROSSING - NOT IN CROSSWALK,,A,21954A,,1,FELL ST,NORTH,,,A,W,89,POLK ST,F,,D,2025-08-07T13:36:30,2025-08-07T13:36:30,,,2,,,,,,,,208825
2025,4793865,250356524,1,False,3801,2025-06-27T11:55:00,1155,A1,1227,3801,San Francisco,38,True,True,D,BROADSIDE,,Friday,,,,,False,False,False,,B,PEDESTRIAN,,1,0,CLEAR,,NO UNUSUAL CONDITIONS,,,A,DAYLIGHT,,,,,,,D,CROSSING - NOT IN CROSSWALK,,A,21954,,1,SACRAMENTO ST,CENTR,,,A,W,138,HYDE ST,F,,D,2025-08-07T13:31:30,2025-08-07T13:31:30,,,2,,,,,,,,208845
2025,4793839,250403874,1,False,3801,2025-07-22T07:55:00,755,4C,1227,3801,San Francisco,38,True,True,G,VEHICLE/PEDESTRAIN,,Tuesday,,,,,False,False,False,,B,PEDESTRIAN,,1,0,CLOUDY,,NO UNUSUAL CONDITIONS,,,A,DAYLIGHT,,,,,,,B,CROSSING IN CROSS WALK AT INTERSECTION,,A,21950A,,1,SILVER AV,BAYVI,,,B,,,CAMBRIDGE ST,,,A,2025-08-07T13:21:30,2025-08-07T13:21:30,,,2,,,,,,,,208871
2025,4793820,250395704,2,False,3801,2025-07-17T15:38:00,1538,3C11D,1227,3801,San Francisco,38,True,True,G,VEHICLE/PEDESTRAIN,,Thursday,,,,,False,False,False,,B,PEDESTRIAN,,1,0,CLEAR,,NO UNUSUAL CONDITIONS - NO UNUSUAL CONDITIONS,,,A,DAYLIGHT,,,,,,,D,CROSSING - NOT IN CROSSWALK,,A,21954A,,1,BAYSHORE BL,BAYVI,,,A,N,26,CORTLAND AV,F,,A,2025-08-07T13:11:30,2025-08-12T09:12:21,,,2,,,,,,,,208890
2025,4793811,250400416,1,False,3801,2025-07-20T03:05:00,305,3D16E,1227,3801,San Francisco,38,True,True,A,HEAD-ON,,Sunday,,,,,False,False,False,,B,PEDESTRIAN,,1,0,CLEAR,,NO UNUSUAL CONDITIONS,,,C,DARK-STREET LIGHTS,,,,,,,D,CROSSING - NOT IN CROSSWALK,,A,21955A,,1,VAN NESS AV,MISSI,,,A,,,17TH ST,,,A,2025-08-07T13:06:30,2025-08-07T13:06:30,,,2,,,,,,,,208899
2025,4793773,250307276,1,False,3801,2025-06-02T07:55:00,755,,1227,3801,San Francisco,38,True,True,G,VEHICLE/PEDESTRAIN,,Monday,,,,,False,False,False,,B,PEDESTRIAN,,1,0,CLEAR,,NO UNUSUAL CONDITIONS,,,A,DAYLIGHT,,,,,,,B,CROSSING IN CROSS WALK AT INTERSECTION,,A,21950A,,1,POST ST,CENTR,,,A,E,5,POWELL ST,F,,A,2025-08-07T12:51:30,2025-08-07T12:51:30,,,2,,,,,,,,208935
2025,4793735,250383282,1,False,3801,2025-07-11T08:22:00,822,3E15A,1227,3801,San Francisco,38,True,True,G,VEHICLE/PEDESTRAIN,,Friday,,,,,False,False,True,,B,PEDESTRIAN,,2,0,CLEAR,,NO UNUSUAL CONDITIONS,,,A,DAYLIGHT,,,,,,,E,IN ROAD - INCLUDES SHOULDER,,A,22102,,1,SUTTER ST,NORTH,,,A,,,WEBSTER ST,,,D,2025-08-07T12:36:30,2025-08-07T12:36:30,,,2,,,,,,,,208970
2025,4793636,250358122,1,False,3801,2025-06-28T07:59:00,759,,1227,3801,San Francisco,38,True,True,,,,Saturday,,,,,False,False,False,,B,PEDESTRIAN,,1,0,CLEAR,,NO UNUSUAL CONDITIONS,,,A,DAYLIGHT,,,,,,,B,CROSSING IN CROSS WALK AT INTERSECTION,,A,21950C,,1,DESMOND ST,INGLE,,,A,,,SUNNYDALE AV,,,D,2025-08-07T11:51:29,2025-08-07T11:51:29,,,2,,,,,,,,209064