source_year,Collision Id,Report Number,Report Version,Is Preliminary,NCIC Code,Crash Date Time,Crash Time Description,Beat,City Id,City Code,City Name,County Code,City Is Active,City Is Incorporated,Collision Type Code,Collision Type Description,Collision Type Other Desc,Day Of Week,DispatchNotified,HasPhotographs,HitRun,IsAttachmentsMailed,IsDeleted,IsHighwayRelated,IsTowAway,JudicialDistrict,MotorVehicleInvolvedWithCode,MotorVehicleInvolvedWithDesc,MotorVehicleInvolvedWithOtherDesc,NumberInjured,NumberKilled,Weather 1,Weather 2,Road Condition 1,Road Condition 2,Special Condition,LightingCode,LightingDescription,Latitude,Longitude,MilepostDirection,MilepostDistance,MilepostMarker,MilepostUnitOfMeasure,PedestrianActionCode,PedestrianActionDesc,PreparedDate,Primary Collision Factor Code,Primary Collision Factor Violation,PrimaryCollisionFactorIsCited,PrimaryCollisionPartyNumber,PrimaryRoad,ReportingDistrict,ReportingDistrictCode,ReviewedDate,RoadwaySurfaceCode,SecondaryDirection,SecondaryDistance,SecondaryRoad,SecondaryUnitOfMeasure,SketchDesc,TrafficControlDeviceCode,CreatedDate,ModifiedDate,IsCountyRoad,IsFreeway,CHP555Version,IsAdditonalObjectStruck,NotificationDate,NotificationTimeDescription,HasDigitalMediaFiles,EvidenceNumber,IsLocationReferToNarrative,IsAOIOneSameAsLocation,_id
2025,4897406,250523541,1,False,3801,2025-09-17T14:54:00,1454,3G60,1227,3801,San Francisco,38,True,True,G,VEHICLE/PEDESTRAIN,,Wednesday,,,,,False,False,False,,B,PEDESTRIAN,,1,0,CLEAR,,NO UNUSUAL CONDITIONS,,,A,DAYLIGHT,,,,,,,B,CROSSING IN CROSS WALK AT INTERSECTION,,A,21950A,,1,CLEMENT ST,RICHM,,,A,,,14TH AV,,,A,2025-10-22T07:47:07,2025-10-22T07:47:07,,,2,,,,,,,,287470
2025,4915239,250306999,1,False,3801,2025-06-02T00:01:00,1,3G13E,1227,3801,San Francisco,38,True,True,G,VEHICLE/PEDESTRAIN,,Monday,,,,,False,False,True,,B,PEDESTRIAN,,0,1,CLEAR,,NO UNUSUAL CONDITIONS,,,C,DARK-STREET LIGHTS,,,,,,,B,CROSSING IN CROSS WALK AT INTERSECTION,,A,21456A,,2,GEARY BL,RICHM,,,A,E,7,02ND AV,F,,A,2025-11-04T10:03:37,2025-11-04T10:03:37,,,2,,,,,,,,293197
2025,4913724,250494641,1,False,3801,2025-09-03T09:30:00,930,3B13A,1227,3801,San Francisco,38,True,True,G,VEHICLE/PEDESTRAIN,,Wednesday,,,M,,False,False,False,,B,PEDESTRIAN,,1,0,CLEAR,,NO UNUSUAL CONDITIONS,,,A,DAYLIGHT,,,,,,,C,CROSSING IN CROSS WALK - NOT AT INTERSECTION,,A,21950A,,1,7TH ST,SOUTH,,,A,N,146,HARRISON ST,F,,D,2025-11-03T12:43:33,2025-11-03T12:43:33,,,2,,,,,,,,294454
2025,4913705,250495934,1,False,3801,2025-09-03T12:29:00,1229,3H15D,1227,3801,San Francisco,38,True,True,G,VEHICLE/PEDESTRAIN,,Wednesday,,,F,,False,True,False,,B,PEDESTRIAN,,1,0,OTHER,,OTHER*,,,A,DAYLIGHT,,,,,,,B,CROSSING IN CROSS WALK AT INTERSECTION,,A,21950A,,1,GENEVA AV,INGLE,,,,,,RT 280,,,A,2025-11-03T12:28:33,2025-11-03T12:28:33,,,2,,,,,,,,294472
2025,4909377,250405698,1,False,3801,2025-07-23T00:23:00,23,4B,1227,3801,San Francisco,38,True,True,G,VEHICLE/PEDESTRAIN,,Wednesday,,,F,,False,False,False,,B,PEDESTRIAN,,0,1,CLEAR,,NO UNUSUAL CONDITIONS,,,C,DARK-STREET LIGHTS,,,,,,,E,IN ROAD - INCLUDES SHOULDER,,A,21954B,,1,MISSION ST,TRAFF,,,A,,,SANTA ROSA ST,,,A,2025-10-30T12:53:09,2025-10-30T12:53:09,,,2,,,,,,,,297649
2025,4907792,250512970,1,False,3801,2025-09-12T11:48:00,1148,3J12A,1227,3801,San Francisco,38,True,True,G,VEHICLE/PEDESTRAIN,,Friday,,,,,False,False,False,,B,PEDESTRIAN,,1,0,CLEAR,,NO UNUSUAL CONDITIONS,,,A,DAYLIGHT,,,,,,,B,CROSSING IN CROSS WALK AT INTERSECTION,,A,21954A,,1,9TH ST,TENDE,,,A,,,MARKET ST,,,A,2025-10-29T13:28:05,2025-10-29T13:28:05,,,2,,,,,,,,298979
2025,4930959,250529135,1,False,3801,2025-09-19T23:23:00,2323,3E15E,1227,3801,San Francisco,38,True,True,G,VEHICLE/PEDESTRAIN,,Friday,,,,,False,True,False,,B,PEDESTRIAN,,1,0,CLOUDY,,NO UNUSUAL CONDITIONS,,,C,DARK-STREET LIGHTS,,,,,,,D,CROSSING - NOT IN CROSSWALK,,A,21954A,,1,LOMBARD ST,NORTH,,,A,W,175,WEBSTER ST,F,,A,2025-11-14T10:24:45,2025-11-14T10:24:45,,,2,,,,,,,,300282
2025,4930957,250572140,1,False,3801,2025-10-10T17:33:00,1733,3A15D,1227,3801,San Francisco,38,True,True,D,BROADSIDE,,Friday,,,,,False,False,False,,B,PEDESTRIAN,,1,0,CLEAR,,NO UNUSUAL CONDITIONS,,,A,DAYLIGHT,,,,,,,D,CROSSING - NOT IN CROSSWALK,,A,21954A,,1,THE EMBARCADERO,CENTR,,,A,N,400,MISSION ST,F,,D,2025-11-14T10:24:45,2025-11-14T10:24:45,,,2,,,,,,,,300284
2025,4930934,250571857,1,False,3801,2025-10-04T21:08:00,2108,3B13D,1227,3801,San Francisco,38,True,True,G,VEHICLE/PEDESTRAIN,,Saturday,,,F,,False,False,False,,B,PEDESTRIAN,,1,0,CLEAR,,NO UNUSUAL CONDITIONS,,,C,DARK-STREET LIGHTS,,,,,,,B,CROSSING IN CROSS WALK AT INTERSECTION,,A,21950A,,1,FOLSOM ST,SOUTH,,,A,,,9TH ST,,,A,2025-11-14T10:14:44,2025-11-14T10:14:44,,,2,,,,,,,,300306
2025,4930863,250441489,1,False,3801,2025-09-30T19:40:00,1940,3B4,1227,3801,San Francisco,38,True,True,G,VEHICLE/PEDESTRAIN,,Tuesday,,,,,False,False,False,,B,PEDESTRIAN,,1,0,CLOUDY,,NO UNUSUAL CONDITIONS,,,C,DARK-STREET LIGHTS,,,,,,,B,CROSSING IN CROSS WALK AT INTERSECTION,,A,21950B,,1,OTIS ST,SOUTH,,,A,W,15,SOUTH VAN NESS AV,F,,A,2025-11-14T09:44:44,2025-11-14T09:44:44,,,2,,,,,,,,300376
2025,4930810,250570241,1,False,3801,2025-10-09T19:20:00,1920,5,1227,3801,San Francisco,38,True,True,G,VEHICLE/PEDESTRAIN,,Thursday,,,,,False,False,False,,B,PEDESTRIAN,,1,0,CLEAR,,NO UNUSUAL CONDITIONS,,,C,DARK-STREET LIGHTS,,,,,,,B,CROSSING IN CROSS WALK AT INTERSECTION,,A,21950A,,1,LOMBARD ST,NORTH,,,A,,,STEINER ST,,,A,2025-11-14T09:24:44,2025-11-14T09:24:44,,,2,,,,,,,,300424
2025,4930701,250563553,1,False,3801,2025-10-06T17:45:00,1745,3E14D,1227,3801,San Francisco,38,True,True,G,VEHICLE/PEDESTRAIN,,Monday,,,,,False,False,False,,B,PEDESTRIAN,,2,0,CLEAR,,NO UNUSUAL CONDITIONS,,,A,DAYLIGHT,,,,,,,B,CROSSING IN CROSS WALK AT INTERSECTION,,A,21950A,,1,PACIFIC AV,NORTH,,,A,,,DIVISADERO ST,,,A,2025-11-14T08:34:44,2025-11-14T08:34:44,,,2,,,,,,,,300529
2025,4930686,250561808,1,False,3801,2025-10-05T21:29:00,2129,3E13E,1227,3801,San Francisco,38,True,True,G,VEHICLE/PEDESTRAIN,,Sunday,,,,,False,False,False,,B,PEDESTRIAN,,1,0,CLEAR,,NO UNUSUAL CONDITIONS,,,C,DARK-STREET LIGHTS,,,,,,,E,IN ROAD - INCLUDES SHOULDER,,A,22106,,1,STEINER,NORTH,,,A,E,5,GREEN ST,F,,D,2025-11-14T08:29:44,2025-11-14T08:29:44,,,2,,,,,,,,300543
2025,4930544,250507727,1,False,3801,2025-09-09T17:56:00,1756,,1227,3801,San Francisco,38,True,True,G,VEHICLE/PEDESTRAIN,,Tuesday,,,,,False,False,False,,B,PEDESTRIAN,,1,0,CLOUDY,,NO UNUSUAL CONDITIONS,,,A,DAYLIGHT,,,,,,,D,CROSSING - NOT IN CROSSWALK,,A,21954B,,1,MISSION ST,TENDE,,,A,W,95,6TH ST,F,,D,2025-11-14T07:14:43,2025-11-14T07:14:43,,,2,,,,,,,,300684
2025,4928523,250605688,1,False,3801,2025-10-28T09:12:00,912,G4,1227,3801,San Francisco,38,True,True,G,VEHICLE/PEDESTRAIN,,Tuesday,,,,,False,False,False,,B,PEDESTRIAN,,2,0,CLEAR,,NO UNUSUAL CONDITIONS,,,A,DAYLIGHT,,,,,,,B,CROSSING IN CROSS WALK AT INTERSECTION,,A,21950A,,1,CLEMENT ST,RICHM,,,A,,,33RD AV,,,A,2025-11-13T14:09:41,2025-11-13T14:09:41,,,2,,,,,,,,302041
2025,4928463,250549365,1,False,3801,2025-09-29T19:12:00,1912,3A11D,1227,3801,San Francisco,38,True,True,,,,Monday,,,,,False,False,False,,B,PEDESTRIAN,,1,0,CLEAR,,NO UNUSUAL CONDITIONS,,,C,DARK-STREET LIGHTS,,,,,,,B,CROSSING IN CROSS WALK AT INTERSECTION,,A,21950,,1,HYDE ST,CENTR,,,A,,,PINE ST,,,D,2025-11-13T13:39:41,2025-11-13T13:39:41,,,2,,,,,,,,302101
2025,4928461,250598500,1,False,3801,2025-10-24T10:29:00,1029,3C15A,1227,3801,San Francisco,38,True,True,G,VEHICLE/PEDESTRAIN,,Friday,,,F,,False,True,False,,B,PEDESTRIAN,,1,0,CLEAR,,NO UNUSUAL CONDITIONS,,,A,DAYLIGHT,,,,,,,D,CROSSING - NOT IN CROSSWALK,,A,21950,,1,INGALLS ST,BAYVI,,,A,,,THOMAS AV,,,D,2025-11-13T13:39:41,2025-11-13T13:39:41,,,2,,,,,,,,302103
2025,4928438,250569410,1,False,3801,2025-10-09T11:52:00,1152,3D2A,1227,3801,San Francisco,38,True,True,,,,Thursday,,,,,False,True,False,,B,PEDESTRIAN,,1,0,CLEAR,,NO UNUSUAL CONDITIONS,,,A,DAYLIGHT,,,,,,,B,CROSSING IN CROSS WALK AT INTERSECTION,,A,22450A,,1,20TH ST,MISSI,,,A,,,CHURCH ST,,,A,2025-11-13T13:24:41,2025-11-13T13:24:41,,,2,,,,,,,,302126
2025,4928145,240571653,1,False,3801,2025-10-09T13:30:00,1330,3E13D,1227,3801,San Francisco,38,True,True,G,VEHICLE/PEDESTRAIN,,Thursday,,,,,False,False,False,,B,PEDESTRIAN,,1,0,CLEAR,,NO UNUSUAL CONDITIONS,,,A,DAYLIGHT,,,,,,,B,CROSSING IN CROSS WALK AT INTERSECTION,,A,21950A,,1,FILLMORE ST,NORTH,,,A,,,TURK ST,,,A,2025-11-13T11:04:40,2025-11-13T11:04:40,,,2,,,,,,,,302419
2025,4926268,250517895,1,False,3801,2025-09-14T22:29:00,2229,3,1227,3801,San Francisco,38,True,True,G,VEHICLE/PEDESTRAIN,,Sunday,,,F,,False,False,False,,B,PEDESTRIAN,,1,0,CLEAR,,NO UNUSUAL CONDITIONS,,,C,DARK-STREET LIGHTS,,,,,,,B,CROSSING IN CROSS WALK AT INTERSECTION,,A,21950A,,1,MCALLISTER ST,NORTH,,,A,,,FRANKLIN ST,,,A,2025-11-12T11:39:36,2025-11-12T11:39:36,,,2,,,,,,,,304028
2025,4926260,250508333,1,False,3801,2025-09-10T03:42:00,342,COJ,1227,3801,San Francisco,38,True,True,G,VEHICLE/PEDESTRAIN,,Wednesday,,,F,,False,False,False,,B,PEDESTRIAN,,1,0,CLEAR,,NO UNUSUAL CONDITIONS,,,C,DARK-STREET LIGHTS,,,,,,,B,CROSSING IN CROSS WALK AT INTERSECTION,,A,21453,,1,JONES ST,TENDE,,,B,,,EDDY ST,,,A,2025-11-12T11:34:36,2025-11-12T11:34:36,,,2,,,,,,,,304035
2025,4926155,250548022,1,False,3801,2025-09-29T10:05:00,1005,3E12A,1227,3801,San Francisco,38,True,True,G,VEHICLE/PEDESTRAIN,,Monday,,,,,False,False,False,,,,,1,0,CLEAR,,NO UNUSUAL CONDITIONS,,,A,DAYLIGHT,,,,,,,B,CROSSING IN CROSS WALK AT INTERSECTION,,A,21950A,,1,CHESTNUT ST,NORTH,,,A,,,MALLORCA WY,,,A,2025-11-12T10:44:36,2025-11-12T10:44:36,,,2,,,,,,,,304136
2025,4926153,250543599,1,False,3801,2025-09-26T16:58:00,1658,J5,1227,3801,San Francisco,38,True,True,G,VEHICLE/PEDESTRAIN,,Friday,,,,,False,False,False,,B,PEDESTRIAN,,1,0,CLEAR,,NO UNUSUAL CONDITIONS,,,A,DAYLIGHT,,,,,,,D,CROSSING - NOT IN CROSSWALK,,A,21954,,1,OFARRELL ST,NORTH,,,A,W,146,LARKIN ST,F,,A,2025-11-12T10:44:36,2025-11-12T10:44:36,,,2,,,,,,,,304138
2025,4926048,250517237,1,False,3801,2025-09-14T15:10:00,1510,3E12D,1227,3801,San Francisco,38,True,True,G,VEHICLE/PEDESTRAIN,,Sunday,,,,,False,False,False,,B,PEDESTRIAN,,1,0,CLEAR,,NO UNUSUAL CONDITIONS,,,A,DAYLIGHT,,,,,,,B,CROSSING IN CROSS WALK AT INTERSECTION,,A,21456,,1,WEBSTER ST,NORTH,,,A,,,GOLDEN GATE AV,,,A,2025-11-12T09:59:36,2025-11-12T09:59:36,,,2,,,,,,,,304239
2025,4926047,250540266,1,False,3801,2025-09-25T13:13:00,1313,3B14A,1227,3801,San Francisco,38,True,True,G,VEHICLE/PEDESTRAIN,,Thursday,,,,,False,False,True,,B,PEDESTRIAN,,1,0,CLEAR,,NO UNUSUAL CONDITIONS,,,C,DARK-STREET LIGHTS,,,,,,,F,NOT IN ROAD,,D,,,,HARRISON ST,SOUTH,,,A,,,10TH ST,,,D,2025-11-12T09:59:36,2025-11-12T09:59:36,,,2,,,,,,,,304240
2025,4925871,250535740,1,False,3801,2025-09-23T13:36:00,1336,3B14A,1227,3801,San Francisco,38,True,True,D,BROADSIDE,,Tuesday,,,,,False,False,True,,C,OTHER MOTOR VEHICLE,,1,0,CLEAR,,NO UNUSUAL CONDITIONS,,,A,DAYLIGHT,,,,,,,B,CROSSING IN CROSS WALK AT INTERSECTION,,A,21801B,,1,HARRISON ST,SOUTH,,,A,,,11TH ST,,,A,2025-11-12T08:34:36,2025-11-12T08:34:36,,,2,,,,,,,,304408
2025,4925635,250594843,1,False,3801,2025-10-22T15:27:00,1527,3B11D,1227,3801,San Francisco,38,True,True,G,VEHICLE/PEDESTRAIN,,Wednesday,,,,,False,False,False,,B,PEDESTRIAN,,1,0,CLEAR,,NO UNUSUAL CONDITIONS,,,A,DAYLIGHT,,,,,,,B,CROSSING IN CROSS WALK AT INTERSECTION,,A,21950A,,1,HARRISON ST,SOUTH,,,A,,,SPEAR ST,,,A,2025-11-12T06:54:35,2025-11-12T06:54:35,,,2,,,,,,,,304639
2025,4925627,250605650,1,False,3801,2025-10-28T09:11:00,911,2,1227,3801,San Francisco,38,True,True,G,VEHICLE/PEDESTRAIN,,Tuesday,,,,,False,False,False,,B,PEDESTRIAN,,1,0,CLEAR,,NO UNUSUAL CONDITIONS,,,A,DAYLIGHT,,,,,,,B,CROSSING IN CROSS WALK AT INTERSECTION,,A,21950A,,1,ORTEGA ST,TARAV,,,A,,,22ND AV,,,A,2025-11-12T06:49:35,2025-11-12T06:49:35,,,2,,,,,,,,304646
2025,4923709,250547983,1,False,3801,2025-09-29T08:30:00,830,3D13A,1227,3801,San Francisco,38,True,True,G,VEHICLE/PEDESTRAIN,,Monday,,,F,,False,False,False,,B,PEDESTRIAN,,1,0,CLOUDY,,NO UNUSUAL CONDITIONS,,,A,DAYLIGHT,,,,,,,E,IN ROAD - INCLUDES SHOULDER,,A,21950C,,1,FOLSOM ST,MISSI,,,A,,,22ND ST,,,D,2025-11-10T14:29:30,2025-11-10T14:29:30,,,2,,,,,,,,306010
2025,4923693,250546004,1,False,3801,2025-09-27T23:30:00,2330,3D12E,1227,3801,San Francisco,38,True,True,G,VEHICLE/PEDESTRAIN,,Saturday,,,M,,False,False,False,,B,PEDESTRIAN,,1,0,CLEAR,,NO UNUSUAL CONDITIONS,,,C,DARK-STREET LIGHTS,,,,,,,F,NOT IN ROAD,,A,21084A,,1,SOUTH VAN NESS AV,MISSI,,,A,,,SOUTH VAN NESS AV 246,,,D,2025-11-10T14:24:30,2025-11-10T14:24:30,,,2,,,,,,,,306026
2025,4923633,250544804,1,False,3801,2025-09-27T10:10:00,1010,4CARDS,1227,3801,San Francisco,38,True,True,G,VEHICLE/PEDESTRAIN,,Saturday,,,,,False,False,True,,B,PEDESTRIAN,,1,0,CLEAR,,NO UNUSUAL CONDITIONS,,,A,DAYLIGHT,,,,,,,B,CROSSING IN CROSS WALK AT INTERSECTION,,A,21950A,,1,BROADWAY,CENTR,,,A,,,FRONT ST,,,A,2025-11-10T13:54:30,2025-11-10T13:54:30,,,2,,,,,,,,306086
2025,4923593,250531801,1,False,3801,2025-09-21T13:41:00,1341,3D41C,1227,3801,San Francisco,38,True,True,C,REAR END,,Sunday,,,F,,False,False,False,,B,PEDESTRIAN,,1,0,CLEAR,,NO UNUSUAL CONDITIONS,,,A,DAYLIGHT,,,,,,,C,CROSSING IN CROSS WALK - NOT AT INTERSECTION,,A,22106,,1,24TH ST,MISSI,,,A,W,25,MISSION ST,F,,A,2025-11-10T13:39:30,2025-11-10T13:39:30,,,2,,,,,,,,306126
2025,4923347,250395588,1,False,3801,2025-07-17T13:41:00,1341,,1227,3801,San Francisco,38,True,True,G,VEHICLE/PEDESTRAIN,,Thursday,,,M,,False,False,False,,B,PEDESTRIAN,,1,0,CLEAR,,NO UNUSUAL CONDITIONS,,,A,DAYLIGHT,,,,,,,B,CROSSING IN CROSS WALK AT INTERSECTION,,A,21950A,,1,MISSION ST,SOUTH,,,A,,,8TH ST,,,A,2025-11-10T11:29:29,2025-11-10T11:29:29,,,2,,,,,,,,306371
2025,4943114,250583664,1,False,3801,2025-10-16T17:01:00,1701,1CAR,1227,3801,San Francisco,38,True,True,A,HEAD-ON,,Thursday,,,,,False,False,False,,B,PEDESTRIAN,,1,0,CLEAR,,NO UNUSUAL CONDITIONS,,,A,DAYLIGHT,,,,,,,B,CROSSING IN CROSS WALK AT INTERSECTION,,A,21950A,,1,MISSION ST,INGLE,,,A,,,PRECITA AV,,,A,2025-11-21T15:55:13,2025-11-21T15:55:13,,,2,,,,,,,,311077
2025,4941689,250601498,1,False,3801,2025-10-23T07:00:00,700,3CAR,1227,3801,San Francisco,38,True,True,G,VEHICLE/PEDESTRAIN,,Thursday,,,M,,False,False,False,,B,PEDESTRIAN,,1,0,OTHER,,NO UNUSUAL CONDITIONS,,,A,DAYLIGHT,,,,,,,B,CROSSING IN CROSS WALK AT INTERSECTION,,A,21950A,,1,POWELL ST,CENTR,,,A,,,BROADWAY,,,A,2025-11-21T10:45:45,2025-11-21T10:45:45,,,2,,,,,,,,311500
2025,4941674,250599514,1,False,3801,2025-10-24T18:50:00,1850,1,1227,3801,San Francisco,38,True,True,G,VEHICLE/PEDESTRAIN,,Friday,,,,,False,False,False,,B,PEDESTRIAN,,1,0,CLEAR,,NO UNUSUAL CONDITIONS,,,C,DARK-STREET LIGHTS,,,,,,,D,CROSSING - NOT IN CROSSWALK,,A,21950A,,1,FELL ST,NORTH,,,A,W,7,SCOTT ST,F,,A,2025-11-21T10:40:45,2025-11-21T10:40:45,,,2,,,,,,,,311515
2025,4941482,250582503,1,False,3801,2025-10-16T08:37:00,837,3I3A,1227,3801,San Francisco,38,True,True,D,BROADSIDE,,Thursday,,,,,False,False,False,,B,PEDESTRIAN,,1,0,CLEAR,,,,,A,DAYLIGHT,,,,,,,B,CROSSING IN CROSS WALK AT INTERSECTION,,A,21950,,1,45TH AV,TARAV,,,A,S,6,ULLOA ST,F,,A,2025-11-21T09:20:44,2025-11-21T09:20:44,,,2,,,,,,,,311705
2025,4941352,250603563,1,False,3801,2025-10-27T10:15:00,1015,D4,1227,3801,San Francisco,38,True,True,D,BROADSIDE,,Monday,,,,,False,False,False,,B,PEDESTRIAN,,1,0,CLEAR,,NO UNUSUAL CONDITIONS,,,A,DAYLIGHT,,,,,,,D,CROSSING - NOT IN CROSSWALK,,A,21954A,,1,24TH ST,MISSI,,,A,E,112,MISSION ST,F,,D,2025-11-21T08:20:44,2025-11-21T08:20:44,,,2,,,,,,,,311834
2025,4941296,250588084,1,False,3801,2025-10-18T22:28:00,2228,3C12E,1227,3801,San Francisco,38,True,True,G,VEHICLE/PEDESTRAIN,,Saturday,,,F,,False,False,False,,B,PEDESTRIAN,,1,0,CLEAR,,NO UNUSUAL CONDITIONS,,,A,DAYLIGHT,,,,,,,F,NOT IN ROAD,,A,22106,,1,CHARTER OAK AV,BAYVI,,,A,S,176,INDUSTRIAL ST,F,,D,2025-11-21T07:50:44,2025-11-21T07:50:44,,,2,,,,,,,,311890
2025,4941275,250593174,1,False,3801,2025-10-21T17:49:00,1749,3A41C,1227,3801,San Francisco,38,True,True,G,VEHICLE/PEDESTRAIN,,Tuesday,,,,,False,False,False,,B,PEDESTRIAN,,1,0,CLEAR,,,,,A,DAYLIGHT,,,,,,,E,IN ROAD - INCLUDES SHOULDER,,A,21954A,,1,SHANNON ST,CENTR,,,A,S,170,POST ST,F,,D,2025-11-21T07:40:44,2025-11-21T07:40:44,,,2,,,,,,,,311911
2025,4941221,250584866,1,False,3801,2025-10-17T11:12:00,1112,3E16A,1227,3801,San Francisco,38,True,True,D,BROADSIDE,,Friday,,,,,False,False,False,,B,PEDESTRIAN,,2,0,CLEAR,,NO UNUSUAL CONDITIONS,,,A,DAYLIGHT,,,,,,,,,,A,21235G,,1,GREEN ST,NORTH,,,A,,,VAN NESS AV,,,A,2025-11-21T06:55:44,2025-11-21T06:55:44,,,2,,,,,,,,311965
2025,4941171,250559386,1,False,3801,2025-10-04T14:54:00,1454,3E13E,1227,3801,San Francisco,38,True,True,G,VEHICLE/PEDESTRAIN,,Saturday,,,F,,False,False,True,,B,PEDESTRIAN,,1,0,CLEAR,,NO UNUSUAL CONDITIONS,,,A,DAYLIGHT,,,,,,,E,IN ROAD - INCLUDES SHOULDER,,A,22350,,2,VAN NESS AV,NORTH,,,A,S,10,GEARY BL,F,,A,2025-11-21T06:20:44,2025-11-21T06:20:44,,,2,,,,,,,,312014
2025,4940308,250556536,1,False,3801,2025-10-03T08:36:00,836,4D,1227,3801,San Francisco,38,True,True,G,VEHICLE/PEDESTRAIN,,Friday,,,,,False,False,False,,,,,1,0,CLEAR,,NO UNUSUAL CONDITIONS,,,A,DAYLIGHT,,,,,,,D,CROSSING - NOT IN CROSSWALK,,A,21955,,1,24TH ST,MISSI,,,A,W,30,FOLSOM ST,F,,A,2025-11-20T15:36:18,2025-11-20T15:36:18,,,2,,,,,,,,312616
2025,4940221,250589167,1,False,3801,2025-10-19T15:38:00,1538,1,1227,3801,San Francisco,38,True,True,A,HEAD-ON,,Sunday,,,,,False,False,False,,B,PEDESTRIAN,,1,0,CLEAR,,NO UNUSUAL CONDITIONS,,,A,DAYLIGHT,,,,,,,B,CROSSING IN CROSS WALK AT INTERSECTION,,A,21950A,,1,GUERRERO,MISSI,,,A,,,14TH ST,,,A,2025-11-20T14:36:16,2025-11-20T14:36:16,,,2,,,,,,,,312698
2025,4940177,250589424,1,False,3801,2025-10-19T18:28:00,1828,,1227,3801,San Francisco,38,True,True,B,SIDE SWIPE,,Sunday,,,,,False,False,False,,B,PEDESTRIAN,,1,0,CLEAR,,NO UNUSUAL CONDITIONS,,,A,DAYLIGHT,,,,,,,E,IN ROAD - INCLUDES SHOULDER,,A,22106,,1,28TH ST,INGLE,,,A,,,CHURCH ST,,,A,2025-11-20T14:16:15,2025-11-20T14:16:15,,,2,,,,,,,,312742
2025,4940159,250579425,1,False,3801,2025-10-14T18:55:00,1855,I6,1227,3801,San Francisco,38,True,True,G,VEHICLE/PEDESTRAIN,,Tuesday,,,,,False,False,False,,B,PEDESTRIAN,,1,0,CLOUDY,,NO UNUSUAL CONDITIONS,,,B,DUSK-DAWN,,,,,,,D,CROSSING - NOT IN CROSSWALK,,A,21955A,,1,OCEAN AV,TARAV,,,A,E,40,JULES AV,F,,A,2025-11-20T14:11:15,2025-11-20T14:11:15,,,2,,,,,,,,312760
2025,4940122,250592007,1,False,3801,2025-10-21T09:40:00,940,3D13A,1227,3801,San Francisco,38,True,True,G,VEHICLE/PEDESTRAIN,,Tuesday,,,,,False,False,False,,B,PEDESTRIAN,,1,0,CLEAR,,NO UNUSUAL CONDITIONS,,,A,DAYLIGHT,,,,,,,B,CROSSING IN CROSS WALK AT INTERSECTION,,A,21950A,,1,23RD ST,MISSI,,,A,E,5,TREAT AV,F,,A,2025-11-20T13:46:15,2025-11-20T13:46:15,,,2,,,,,,,,312797
2025,4939825,250604765,1,False,3801,2025-10-27T15:35:00,1535,B5,1227,3801,San Francisco,38,True,True,G,VEHICLE/PEDESTRAIN,,Monday,,,,,False,False,False,,B,PEDESTRIAN,,1,0,CLEAR,,NO UNUSUAL CONDITIONS,,,A,DAYLIGHT,,,,,,,E,IN ROAD - INCLUDES SHOULDER,,D,,,,BERRY ST,SOUTH,,,A,E,150,KING ST,F,,D,2025-11-20T11:51:41,2025-11-20T11:51:41,,,2,,,,,,,,313081
2025,4939635,250586878,1,False,3801,2025-10-18T10:27:00,1027,901,1227,3801,San Francisco,38,True,True,G,VEHICLE/PEDESTRAIN,,Saturday,,,F,,False,False,False,,B,PEDESTRIAN,,1,0,CLEAR,,NO UNUSUAL CONDITIONS,,,A,DAYLIGHT,,,,,,,B,CROSSING IN CROSS WALK AT INTERSECTION,,A,21950A,,1,STEVENSON ST,TENDE,,,A,E,10,6TH ST,F,,A,2025-11-20T10:45:11,2025-11-20T10:45:11,,,2,,,,,,,,313202
2025,4939619,250583636,1,False,3801,2025-10-16T16:40:00,1640,3J12D,1227,3801,San Francisco,38,True,True,G,VEHICLE/PEDESTRAIN,,Thursday,,,,,False,False,False,,B,PEDESTRIAN,,1,0,CLEAR,,NO UNUSUAL CONDITIONS,,,A,DAYLIGHT,,,,,,,B,CROSSING IN CROSS WALK AT INTERSECTION,,A,21950A,,1,MARKET ST,TENDE,,,A,,,STOCKTON ST,,,A,2025-11-20T10:40:11,2025-11-20T10:40:11,,,2,,,,,,,,313218
2025,4939540,250589509,1,False,3801,2025-10-19T19:29:00,1929,3A12E,1227,3801,San Francisco,38,True,True,G,VEHICLE/PEDESTRAIN,,Sunday,,,,,False,False,False,,B,PEDESTRIAN,,1,0,CLEAR,,NO UNUSUAL CONDITIONS,,,A,DAYLIGHT,,,,,,,D,CROSSING - NOT IN CROSSWALK,,A,21950A,,1,CLAY ST,CENTR,,,A,E,10,MONTGOMERY ST,F,,A,2025-11-20T10:05:11,2025-11-20T10:05:11,,,2,,,,,,,,313295